Number,Company Name,Address,Link1,Link2
1,ADR Technics,Antwerpen,https://www.enf.com.cn/adr-technics?directory=seller&utm_source=ENF&utm_medium=Belgium&utm_content=132691&utm_campaign=profiles_seller,https://adrtechnics.be
2,AlterElectra,Oost-Vlaanderen,https://www.enf.com.cn/alterelectra?directory=seller&utm_source=ENF&utm_medium=Belgium&utm_content=80979&utm_campaign=profiles_seller,http://www.alterelectra.be
3,Amoovo Energy,Liège,https://www.enf.com.cn/amoovo-energy?directory=seller&utm_source=ENF&utm_medium=Belgium&utm_content=163039&utm_campaign=profiles_seller,https://www.amoovo.com
4,Batterij Expert,Vlaams-Brabant,https://www.enf.com.cn/batterij-expert?directory=seller&utm_source=ENF&utm_medium=Belgium&utm_content=134173&utm_campaign=profiles_seller,https://batterij.expert
5,Carbomat,Vlaams-Brabant,https://www.enf.com.cn/carbomat?directory=seller&utm_source=ENF&utm_medium=Belgium&utm_content=6616&utm_campaign=profiles_seller,https://carbomat.be
6,Ecostal,Liège,https://www.enf.com.cn/ecostal?directory=seller&utm_source=ENF&utm_medium=Belgium&utm_content=166124&utm_campaign=profiles_seller,https://www.ecostal.com
7,Elicity,Limburg,https://www.enf.com.cn/elicity?directory=seller&utm_source=ENF&utm_medium=Belgium&utm_content=161879&utm_campaign=profiles_seller,https://elicity.be
8,G&D Energy,Limburg,https://www.enf.com.cn/g-d-energy?directory=seller&utm_source=ENF&utm_medium=Belgium&utm_content=63789&utm_campaign=profiles_seller,https://gd-energy.be
9,GPC Europe,West-Vlaanderen,https://www.enf.com.cn/gpc-europe?directory=seller&utm_source=ENF&utm_medium=Belgium&utm_content=7919&utm_campaign=profiles_seller,https://www.gpceurope.com
10,Green-Team,Vlaams-Brabant,https://www.enf.com.cn/green-team?directory=seller&utm_source=ENF&utm_medium=Belgium&utm_content=106450&utm_campaign=profiles_seller,https://www.green-team.be
11,Gutami Solar,Limburg,https://www.enf.com.cn/gutami-solar?directory=seller&utm_source=ENF&utm_medium=Belgium&utm_content=90064&utm_campaign=profiles_seller,https://gutami-solar.com
12,Kilowatt-Solar,Oost-Vlaanderen,https://www.enf.com.cn/kilowatt-solar?directory=seller&utm_source=ENF&utm_medium=Belgium&utm_content=16949&utm_campaign=profiles_seller,https://www.kilowattsolar.eu
13,Lanergy,Vlaams-Brabant,https://www.enf.com.cn/lanergy?directory=seller&utm_source=ENF&utm_medium=Belgium&utm_content=149568&utm_campaign=profiles_seller,http://www.lanergy-international.com
14,MF Partners,Liège,https://www.enf.com.cn/mf-partners?directory=seller&utm_source=ENF&utm_medium=Belgium&utm_content=148730&utm_campaign=profiles_seller,https://mfpartners.be
15,PhotonSolar,Liège,https://www.enf.com.cn/photonsolar?directory=seller&utm_source=ENF&utm_medium=Belgium&utm_content=14559&utm_campaign=profiles_seller,https://www.photonsolar.be
16,PowerDeal,Liège,https://www.enf.com.cn/powerdeal?directory=seller&utm_source=ENF&utm_medium=Belgium&utm_content=14374&utm_campaign=profiles_seller,https://www.powerdeal.be
17,Revolt Solar,Limburg,https://www.enf.com.cn/revolt-solar-1?directory=seller&utm_source=ENF&utm_medium=Belgium&utm_content=141375&utm_campaign=profiles_seller,https://www.revoltsolar.eu
18,REWA,Limburg,https://www.enf.com.cn/rewa?directory=seller&utm_source=ENF&utm_medium=Belgium&utm_content=87635&utm_campaign=profiles_seller,https://rewa.be
19,Sanel,Limburg,https://www.enf.com.cn/sanel?directory=seller&utm_source=ENF&utm_medium=Belgium&utm_content=90073&utm_campaign=profiles_seller,https://www.sanel.be
20,SBS,Liège,https://www.enf.com.cn/sbs-1?directory=seller&utm_source=ENF&utm_medium=Belgium&utm_content=119799&utm_campaign=profiles_seller,https://www.solutionbysun.eu
21,Solar Parts,Limburg,https://www.enf.com.cn/solar-parts?directory=seller&utm_source=ENF&utm_medium=Belgium&utm_content=171445&utm_campaign=profiles_seller,https://solar-parts.be
22,Veca Solar,Limburg,https://www.enf.com.cn/veca-solar?directory=seller&utm_source=ENF&utm_medium=Belgium&utm_content=82319&utm_campaign=profiles_seller,https://www.vecasolar.be
23,Wattuneed,Liège,https://www.enf.com.cn/wattuneed?directory=seller&utm_source=ENF&utm_medium=Belgium&utm_content=6121&utm_campaign=profiles_seller,https://www.wattuneed.com
24,XL-Solar,Vlaams-Brabant,https://www.enf.com.cn/xl-solar?directory=seller&utm_source=ENF&utm_medium=Belgium&utm_content=3285&utm_campaign=profiles_seller,https://xl-solar.be
