Number,Company Name,Email,Website
1,A.Dias Solar,sales@adias.solar,https://www.enf.com.cn/a-dias-solar?directory=seller&utm_source=ENF&utm_medium=Brazil&utm_content=146251&utm_campaign=profiles_seller
2,Acqua Solar,,https://www.enf.com.cn/acqua-solar?directory=seller&utm_source=ENF&utm_medium=Brazil&utm_content=149808&utm_campaign=profiles_seller
3,Almax Energia,anaac@almaxenergia.com.br,https://www.enf.com.cn/almax-energia?directory=seller&utm_source=ENF&utm_medium=Brazil&utm_content=130753&utm_campaign=profiles_seller
4,Alumifix Solar,suporte@alumifixsolar.com.br,https://www.enf.com.cn/alumifix-solar?directory=seller&utm_source=ENF&utm_medium=Brazil&utm_content=135758&utm_campaign=profiles_seller
5,Artegra,artegra@artegra.com.br,https://www.enf.com.cn/artegra?directory=seller&utm_source=ENF&utm_medium=Brazil&utm_content=149806&utm_campaign=profiles_seller
6,BA Elétrica,ecommerce@baeletrica.com.br,https://www.enf.com.cn/ba-eletrica?directory=seller&utm_source=ENF&utm_medium=Brazil&utm_content=131082&utm_campaign=profiles_seller
7,Baterias Duran,contato@bateriasduran.com.br,https://www.enf.com.cn/baterias-duran?directory=seller&utm_source=ENF&utm_medium=Brazil&utm_content=154967&utm_campaign=profiles_seller
8,Bel Micro Tecnologia,contatoenergy@belmicro.com.br,https://www.enf.com.cn/bel-micro-tecnologia?directory=seller&utm_source=ENF&utm_medium=Brazil&utm_content=158049&utm_campaign=profiles_seller
9,BelEnergy,belenergy@belenus.com.br,https://www.enf.com.cn/belenergy?directory=seller&utm_source=ENF&utm_medium=Brazil&utm_content=128846&utm_campaign=profiles_seller
10,Braselco,comercial@braselco.com.br,https://www.enf.com.cn/braselco?directory=seller&utm_source=ENF&utm_medium=Brazil&utm_content=2172&utm_campaign=profiles_seller
11,Brassunny,contato@brassunny.com.br,https://www.enf.com.cn/brassunny?directory=seller&utm_source=ENF&utm_medium=Brazil&utm_content=118080&utm_campaign=profiles_seller
12,Bryds Energia,contato@bryds.com.br,https://www.enf.com.cn/bryds-energia?directory=seller&utm_source=ENF&utm_medium=Brazil&utm_content=122645&utm_campaign=profiles_seller
13,Ceitel Distribuidora,sac@ceitel.com.br,https://www.enf.com.cn/ceitel-distribuidora?directory=seller&utm_source=ENF&utm_medium=Brazil&utm_content=155304&utm_campaign=profiles_seller
14,CES,comercial@cessolar.com.br,https://www.enf.com.cn/ces-6?directory=seller&utm_source=ENF&utm_medium=Brazil&utm_content=125682&utm_campaign=profiles_seller
15,Ciavolt,contato@ciavolt.com.br,https://www.enf.com.cn/ciavolt?directory=seller&utm_source=ENF&utm_medium=Brazil&utm_content=155662&utm_campaign=profiles_seller
16,Distribuidora Guarapuava,marketing@distribuidoraguarapuava.com.br,https://www.enf.com.cn/distribuidora-guarapuava?directory=seller&utm_source=ENF&utm_medium=Brazil&utm_content=155309&utm_campaign=profiles_seller
17,Distribuidora Route 66,route66@route66.com.br,https://www.enf.com.cn/distribuidora-route-66?directory=seller&utm_source=ENF&utm_medium=Brazil&utm_content=155636&utm_campaign=profiles_seller
18,Eco Ergos,,https://www.enf.com.cn/eco-ergos?directory=seller&utm_source=ENF&utm_medium=Brazil&utm_content=144049&utm_campaign=profiles_seller
19,Ecori,ecori@ecori.com.br,https://www.enf.com.cn/ecori?directory=seller&utm_source=ENF&utm_medium=Brazil&utm_content=65459&utm_campaign=profiles_seller
20,Eletromecan,contato@eletromecan.com.br,https://www.enf.com.cn/eletromecan?directory=seller&utm_source=ENF&utm_medium=Brazil&utm_content=122704&utm_campaign=profiles_seller
21,Eletrotrafo,faleconosco@eletrotrafo.com.br,https://www.enf.com.cn/eletrotrafo?directory=seller&utm_source=ENF&utm_medium=Brazil&utm_content=118914&utm_campaign=profiles_seller
22,Elgin,efeder@elgin.com.br,https://www.enf.com.cn/elgin?directory=seller&utm_source=ENF&utm_medium=Brazil&utm_content=135597&utm_campaign=profiles_seller
23,Energeasy,energeasy@energeasysolar.com.br,https://www.enf.com.cn/energeasy?directory=seller&utm_source=ENF&utm_medium=Brazil&utm_content=149810&utm_campaign=profiles_seller
24,Energia Livre,fabio@energialivre.eco.br,https://www.enf.com.cn/energia-livre?directory=seller&utm_source=ENF&utm_medium=Brazil&utm_content=149813&utm_campaign=profiles_seller
25,Evolusom,contato@evolusom.com.br,https://www.enf.com.cn/evolusom?directory=seller&utm_source=ENF&utm_medium=Brazil&utm_content=155310&utm_campaign=profiles_seller
26,Foco Energia,contato@focoenergia.ind.br,https://www.enf.com.cn/foco-energia?directory=seller&utm_source=ENF&utm_medium=Brazil&utm_content=57267&utm_campaign=profiles_seller
27,Fotus Distribuidora Solar,,https://www.enf.com.cn/fotus-distribuidora-solar?directory=seller&utm_source=ENF&utm_medium=Brazil&utm_content=118677&utm_campaign=profiles_seller
28,Full Solar,,https://www.enf.com.cn/full-solar-1?directory=seller&utm_source=ENF&utm_medium=Brazil&utm_content=102967&utm_campaign=profiles_seller
29,Genyx Solar,comercial@genyx.com.br,https://www.enf.com.cn/genyx-solar?directory=seller&utm_source=ENF&utm_medium=Brazil&utm_content=46877&utm_campaign=profiles_seller
30,Globo Brasil,surpreenda-se@paineisglobobrasil.com.br,https://www.enf.com.cn/globo-brasil?directory=seller&utm_source=ENF&utm_medium=Brazil&utm_content=69655&utm_campaign=profiles_seller
31,Go Solar,gosolar@goldendistribuidora.com.br,https://www.enf.com.cn/go-solar?directory=seller&utm_source=ENF&utm_medium=Brazil&utm_content=162757&utm_campaign=profiles_seller
32,GreenBras,apolloconstrutora18@gmail.com,https://www.enf.com.cn/greenbras?directory=seller&utm_source=ENF&utm_medium=Brazil&utm_content=116063&utm_campaign=profiles_seller
33,Grupo Premium,ecommerce@premiumcftv.com.br,https://www.enf.com.cn/grupo-premium?directory=seller&utm_source=ENF&utm_medium=Brazil&utm_content=148352&utm_campaign=profiles_seller
34,Handy Solar,sac.solar@handytech.com.br,https://www.enf.com.cn/handy-solar?directory=seller&utm_source=ENF&utm_medium=Brazil&utm_content=135761&utm_campaign=profiles_seller
35,Horus,contato@horus.com.br,https://www.enf.com.cn/horus?directory=seller&utm_source=ENF&utm_medium=Brazil&utm_content=160100&utm_campaign=profiles_seller
36,IEM,orcamentos@iem.com.br,https://www.enf.com.cn/iem-2?directory=seller&utm_source=ENF&utm_medium=Brazil&utm_content=2169&utm_campaign=profiles_seller
37,IG,atendimento@igenergia.com.br,https://www.enf.com.cn/ig?directory=seller&utm_source=ENF&utm_medium=Brazil&utm_content=82777&utm_campaign=profiles_seller
38,Inovacare SOLAR,atendimento@inovacare.solar,https://www.enf.com.cn/inovacare-solar?directory=seller&utm_source=ENF&utm_medium=Brazil&utm_content=103094&utm_campaign=profiles_seller
39,ION Energia,contato@ion-energia.com,https://www.enf.com.cn/ion-energia?directory=seller&utm_source=ENF&utm_medium=Brazil&utm_content=78247&utm_campaign=profiles_seller
40,Khronos Distribuidora,lojaonline@grupokhronos.com.br,https://www.enf.com.cn/khronos-distribuidora?directory=seller&utm_source=ENF&utm_medium=Brazil&utm_content=155646&utm_campaign=profiles_seller
41,L8 Energy,contato@l8energy.com,https://www.enf.com.cn/l8-energy?directory=seller&utm_source=ENF&utm_medium=Brazil&utm_content=113392&utm_campaign=profiles_seller
42,M.A Soluções em Tecnologia,matv@matvsul.com.br,https://www.enf.com.cn/m-a-solucoes-em-tecnologia?directory=seller&utm_source=ENF&utm_medium=Brazil&utm_content=155305&utm_campaign=profiles_seller
43,Mazer,lgpd@mazer.com.br,https://www.enf.com.cn/mazer?directory=seller&utm_source=ENF&utm_medium=Brazil&utm_content=135596&utm_campaign=profiles_seller
44,Mega Electric,contato@megaelectric.com.br,https://www.enf.com.cn/mega-electric?directory=seller&utm_source=ENF&utm_medium=Brazil&utm_content=121272&utm_campaign=profiles_seller
45,Mega Volts,contato.mvinstalacoes@gmail.com,https://www.enf.com.cn/mega-volts?directory=seller&utm_source=ENF&utm_medium=Brazil&utm_content=144283&utm_campaign=profiles_seller
46,Megacomm Solar,marketing@megacomm.com.br,https://www.enf.com.cn/megacomm-solar?directory=seller&utm_source=ENF&utm_medium=Brazil&utm_content=135770&utm_campaign=profiles_seller
47,Minha Casa Solar,,https://www.enf.com.cn/minha-casa-solar?directory=seller&utm_source=ENF&utm_medium=Brazil&utm_content=46465&utm_campaign=profiles_seller
48,MS Energia Solar,contato@msenergiasolar.com.br,https://www.enf.com.cn/ms-energia-solar?directory=seller&utm_source=ENF&utm_medium=Brazil&utm_content=119267&utm_campaign=profiles_seller
49,MultiDrive,vendas@multidrive.com.br,https://www.enf.com.cn/multidrive?directory=seller&utm_source=ENF&utm_medium=Brazil&utm_content=128680&utm_campaign=profiles_seller
50,Multiseg,marketing@grupomultiseg.com.br,https://www.enf.com.cn/multiseg?directory=seller&utm_source=ENF&utm_medium=Brazil&utm_content=135599&utm_campaign=profiles_seller
51,Nacional Solar,comercial@nacionalmaisverde.com.br,https://www.enf.com.cn/nacional-solar-1?directory=seller&utm_source=ENF&utm_medium=Brazil&utm_content=141170&utm_campaign=profiles_seller
52,Neosolar,,https://www.enf.com.cn/neosolar?directory=seller&utm_source=ENF&utm_medium=Brazil&utm_content=17369&utm_campaign=profiles_seller
53,OMG Distribuidora,sac@omgdistribuidora.com,https://www.enf.com.cn/omg-distribuidora?directory=seller&utm_source=ENF&utm_medium=Brazil&utm_content=136072&utm_campaign=profiles_seller
54,Orizon Energia Solar,vendas@orizon.eco.br,https://www.enf.com.cn/orizon-energia-solar?directory=seller&utm_source=ENF&utm_medium=Brazil&utm_content=126056&utm_campaign=profiles_seller
55,Passalacqua Tech,ribeirao.tech@passalacqua.com.br,https://www.enf.com.cn/passalacqua-tech?directory=seller&utm_source=ENF&utm_medium=Brazil&utm_content=155761&utm_campaign=profiles_seller
56,PHB,contato@phb.com.br,https://www.enf.com.cn/phb?directory=seller&utm_source=ENF&utm_medium=Brazil&utm_content=57113&utm_campaign=profiles_seller
57,Plantec,ricardo.torres@plantec.com,https://www.enf.com.cn/plantec?directory=seller&utm_source=ENF&utm_medium=Brazil&utm_content=154970&utm_campaign=profiles_seller
58,Plugmais,contato@plugmais.com.br,https://www.enf.com.cn/plugmais?directory=seller&utm_source=ENF&utm_medium=Brazil&utm_content=141021&utm_campaign=profiles_seller
59,PowerSafe,vendas@powersafe.com.br,https://www.enf.com.cn/powersafe?directory=seller&utm_source=ENF&utm_medium=Brazil&utm_content=57101&utm_campaign=profiles_seller
60,Prisma Solar,vendas@prismasolar.com,https://www.enf.com.cn/prisma-solar?directory=seller&utm_source=ENF&utm_medium=Brazil&utm_content=118167&utm_campaign=profiles_seller
61,RB Solar,contatosolar@rbsol.com.br,https://www.enf.com.cn/rb-solar?directory=seller&utm_source=ENF&utm_medium=Brazil&utm_content=135359&utm_campaign=profiles_seller
62,Rede Elétrica Solar,marketing@redeeletricasolar.com,https://www.enf.com.cn/rede-eletrica-solar?directory=seller&utm_source=ENF&utm_medium=Brazil&utm_content=127823&utm_campaign=profiles_seller
63,S&R Lambert,contato@srlambert.com.br,https://www.enf.com.cn/s-r-lambert?directory=seller&utm_source=ENF&utm_medium=Brazil&utm_content=146235&utm_campaign=profiles_seller
64,SB Solar,vendas@sbsolar.com.br,https://www.enf.com.cn/sb-solar-1?directory=seller&utm_source=ENF&utm_medium=Brazil&utm_content=147738&utm_campaign=profiles_seller
65,Serrana,serrana@serranaenergia.com.br,https://www.enf.com.cn/serrana?directory=seller&utm_source=ENF&utm_medium=Brazil&utm_content=111789&utm_campaign=profiles_seller
66,Servindu Servicos Industriais,contato@servindu.com.br,https://www.enf.com.cn/servindu-servicos-industriais?directory=seller&utm_source=ENF&utm_medium=Brazil&utm_content=103112&utm_campaign=profiles_seller
67,Shefa Distribuidora,celia.marques@shefadistribuidora.com.br,https://www.enf.com.cn/shefa-distribuidora?directory=seller&utm_source=ENF&utm_medium=Brazil&utm_content=155697&utm_campaign=profiles_seller
68,Sky Solar,contato@skysolar.com.br,https://www.enf.com.cn/sky-solar?directory=seller&utm_source=ENF&utm_medium=Brazil&utm_content=141527&utm_campaign=profiles_seller
69,Solar Brasil,solar@solarbrasil.com.br,https://www.enf.com.cn/solar-brasil?directory=seller&utm_source=ENF&utm_medium=Brazil&utm_content=2168&utm_campaign=profiles_seller
70,Solar Inove,atendimento@solarinove.com.br,https://www.enf.com.cn/solar-inove?directory=seller&utm_source=ENF&utm_medium=Brazil&utm_content=135583&utm_campaign=profiles_seller
71,Solar Life Energy,contato@solarlifeenergy.com.br,https://www.enf.com.cn/solar-life-energy?directory=seller&utm_source=ENF&utm_medium=Brazil&utm_content=82771&utm_campaign=profiles_seller
72,Solar PV,solarpv@solarpv.com.br,https://www.enf.com.cn/solar-pv?directory=seller&utm_source=ENF&utm_medium=Brazil&utm_content=103216&utm_campaign=profiles_seller
73,Solmais Distribuidora,contato@solmais.com.br,https://www.enf.com.cn/solmais-distribuidora?directory=seller&utm_source=ENF&utm_medium=Brazil&utm_content=148223&utm_campaign=profiles_seller
74,Soprano,soprano@soprano.com.br,https://www.enf.com.cn/soprano?directory=seller&utm_source=ENF&utm_medium=Brazil&utm_content=149803&utm_campaign=profiles_seller
75,STK Automação,contato@stkautomacao.com.br,https://www.enf.com.cn/stk-automacao?directory=seller&utm_source=ENF&utm_medium=Brazil&utm_content=116068&utm_campaign=profiles_seller
76,Stoyan Energia Solar,contato@stoyanenergia.com.br,https://www.enf.com.cn/stoyan-energia-solar?directory=seller&utm_source=ENF&utm_medium=Brazil&utm_content=58445&utm_campaign=profiles_seller
77,SunHelp Energia Solar,contato@sunhelp.com.br,https://www.enf.com.cn/sunhelp-energia-solar?directory=seller&utm_source=ENF&utm_medium=Brazil&utm_content=102972&utm_campaign=profiles_seller
78,Suno,contato@sunodistribuidora.com.br,https://www.enf.com.cn/suno-1?directory=seller&utm_source=ENF&utm_medium=Brazil&utm_content=118673&utm_campaign=profiles_seller
79,Suntec Energy,contato@suntec.com.br,https://www.enf.com.cn/suntec-energy?directory=seller&utm_source=ENF&utm_medium=Brazil&utm_content=65161&utm_campaign=profiles_seller
80,Techlux Distribuidora,comercial@techlux.com.br,https://www.enf.com.cn/techlux-distribuidora?directory=seller&utm_source=ENF&utm_medium=Brazil&utm_content=124151&utm_campaign=profiles_seller
81,Tek Solar,comercial@teksolar.ind.br,https://www.enf.com.cn/tek-solar?directory=seller&utm_source=ENF&utm_medium=Brazil&utm_content=144191&utm_campaign=profiles_seller
82,Ten Brasil,contato@tenbrasil.com.br,https://www.enf.com.cn/ten-brasil?directory=seller&utm_source=ENF&utm_medium=Brazil&utm_content=119636&utm_campaign=profiles_seller
83,TRX Solar,contato@trxsolar.com,https://www.enf.com.cn/trx-solar?directory=seller&utm_source=ENF&utm_medium=Brazil&utm_content=147806&utm_campaign=profiles_seller
84,Unitron Engenharia,suporte@unitron.com.br,https://www.enf.com.cn/unitron-engenharia?directory=seller&utm_source=ENF&utm_medium=Brazil&utm_content=8076&utm_campaign=profiles_seller
85,Varimaster Group,chint@varimaster.com.br,https://www.enf.com.cn/varimaster-group?directory=seller&utm_source=ENF&utm_medium=Brazil&utm_content=135765&utm_campaign=profiles_seller
86,Vertys Solar Group,sac@vertysgroup.com,https://www.enf.com.cn/vertys-solar-group?directory=seller&utm_source=ENF&utm_medium=Brazil&utm_content=141842&utm_campaign=profiles_seller
87,WA Solar,contato@wasolar.com.br,https://www.enf.com.cn/wa-solar?directory=seller&utm_source=ENF&utm_medium=Brazil&utm_content=89552&utm_campaign=profiles_seller
88,Win Solar,atendimento@win.com.br,https://www.enf.com.cn/win-solar?directory=seller&utm_source=ENF&utm_medium=Brazil&utm_content=118670&utm_campaign=profiles_seller
89,WT Energy,,https://www.enf.com.cn/wt-energy?directory=seller&utm_source=ENF&utm_medium=Brazil&utm_content=140774&utm_campaign=profiles_seller
90,Yenergy,,https://www.enf.com.cn/yenergy?directory=seller&utm_source=ENF&utm_medium=Brazil&utm_content=142950&utm_campaign=profiles_seller
