Number,Company Name,Address,Link1,Link2
1,25energy,Středočeský kraj,https://www.enf.com.cn/25energy?directory=installer&utm_source=ENF&utm_medium=Czech+Republic&utm_content=166714&utm_campaign=profiles_installer,https://www.25energy.cz
2,2M Energo,Hlavní město Praha,https://www.enf.com.cn/2m-energo?directory=installer&utm_source=ENF&utm_medium=Czech+Republic&utm_content=68105&utm_campaign=profiles_installer,https://www.2menergo.cz
3,3PM Solar Energy,Hlavní město Praha,https://www.enf.com.cn/3pm-solar-energy?directory=installer&utm_source=ENF&utm_medium=Czech+Republic&utm_content=174581&utm_campaign=profiles_installer,https://www.3pmsolarenergy.cz
4,81 Klima,Hlavní město Praha,https://www.enf.com.cn/81-klima?directory=installer&utm_source=ENF&utm_medium=Czech+Republic&utm_content=174549&utm_campaign=profiles_installer,https://www.81energy.cz
5,AB Elektro,Plzeňský kraj,https://www.enf.com.cn/ab-elektro?directory=installer&utm_source=ENF&utm_medium=Czech+Republic&utm_content=68169&utm_campaign=profiles_installer,https://www.abelektro.com
6,Abisun,Hlavní město Praha,https://www.enf.com.cn/abisun?directory=installer&utm_source=ENF&utm_medium=Czech+Republic&utm_content=174474&utm_campaign=profiles_installer,https://abisun.cz
7,ABQ,Plzeňský kraj,https://www.enf.com.cn/abq?directory=installer&utm_source=ENF&utm_medium=Czech+Republic&utm_content=78849&utm_campaign=profiles_installer,http://www.abq-solar.eu
8,AC Heating,Plzeňský kraj,https://www.enf.com.cn/ac-heating?directory=installer&utm_source=ENF&utm_medium=Czech+Republic&utm_content=174443&utm_campaign=profiles_installer,https://www.ac-heating.cz
9,AC Solar,Liberecký kraj,https://www.enf.com.cn/ac-solar-2?directory=installer&utm_source=ENF&utm_medium=Czech+Republic&utm_content=12230&utm_campaign=profiles_installer,https://www.acsolar.cz
10,ACDC Systems,Jihomoravský kraj,https://www.enf.com.cn/acdc-systems?directory=installer&utm_source=ENF&utm_medium=Czech+Republic&utm_content=95909&utm_campaign=profiles_installer,https://www.acdcsystems.cz
11,Acetex,Hlavní město Praha,https://www.enf.com.cn/acetex?directory=installer&utm_source=ENF&utm_medium=Czech+Republic&utm_content=142429&utm_campaign=profiles_installer,https://acetex.cz
12,Aden,Moravskoslezský kraj,https://www.enf.com.cn/aden-1?directory=installer&utm_source=ENF&utm_medium=Czech+Republic&utm_content=156648&utm_campaign=profiles_installer,https://www.aden.cz
13,Advanced Solar,Hlavní město Praha,https://www.enf.com.cn/advanced-solar-3?directory=installer&utm_source=ENF&utm_medium=Czech+Republic&utm_content=174754&utm_campaign=profiles_installer,https://advancedsolar.cz
14,AE Energie,Liberecký kraj,https://www.enf.com.cn/ae-energie?directory=installer&utm_source=ENF&utm_medium=Czech+Republic&utm_content=90797&utm_campaign=profiles_installer,https://www.ae-energie.cz
15,Agile Europe,Hlavní město Praha,https://www.enf.com.cn/agile-europe?directory=installer&utm_source=ENF&utm_medium=Czech+Republic&utm_content=83914&utm_campaign=profiles_installer,http://www.agile-europe.com
16,AJ-Solar,Zlínský kraj,https://www.enf.com.cn/aj-solar-2?directory=installer&utm_source=ENF&utm_medium=Czech+Republic&utm_content=174755&utm_campaign=profiles_installer,https://www.aj-solar.cz
17,ALBA Energy,Středočeský kraj,https://www.enf.com.cn/alba-energy-1?directory=installer&utm_source=ENF&utm_medium=Czech+Republic&utm_content=174757&utm_campaign=profiles_installer,https://albaenergy.cz
18,Alfa Solar,Královéhradecký kraj,https://www.enf.com.cn/alfa-solar-2?directory=installer&utm_source=ENF&utm_medium=Czech+Republic&utm_content=78811&utm_campaign=profiles_installer,https://www.alfa-solar.cz
19,AlphaLighting,Zlínský kraj,https://www.enf.com.cn/alphalighting?directory=installer&utm_source=ENF&utm_medium=Czech+Republic&utm_content=166680&utm_campaign=profiles_installer,https://www.alphalighting-led.com
20,Alter-eko,Středočeský kraj,https://www.enf.com.cn/alter-eko?directory=installer&utm_source=ENF&utm_medium=Czech+Republic&utm_content=106606&utm_campaign=profiles_installer,https://www.alter-eko.cz
21,Alterm,Hlavní město Praha,https://www.enf.com.cn/alterm?directory=installer&utm_source=ENF&utm_medium=Czech+Republic&utm_content=33369&utm_campaign=profiles_installer,http://www.alterm.cz
22,Alternative Energy Systems,Jihomoravský kraj,https://www.enf.com.cn/alternative-energy-systems?directory=installer&utm_source=ENF&utm_medium=Czech+Republic&utm_content=78895&utm_campaign=profiles_installer,https://www.aleners.com
23,Alufront,Královéhradecký kraj,https://www.enf.com.cn/alufront?directory=installer&utm_source=ENF&utm_medium=Czech+Republic&utm_content=30665&utm_campaign=profiles_installer,https://www.alufront.cz
24,Amsoft,Moravskoslezský kraj,https://www.enf.com.cn/amsoft?directory=installer&utm_source=ENF&utm_medium=Czech+Republic&utm_content=90800&utm_campaign=profiles_installer,https://amsoft-ova.cz
25,AMV Czech,Pardubický kraj,https://www.enf.com.cn/amv-czech?directory=installer&utm_source=ENF&utm_medium=Czech+Republic&utm_content=107466&utm_campaign=profiles_installer,https://www.amvczech.cz
26,Andrew Solar Energy,Hlavní město Praha,https://www.enf.com.cn/andrew-solar-energy?directory=installer&utm_source=ENF&utm_medium=Czech+Republic&utm_content=142417&utm_campaign=profiles_installer,https://www.solarynastrechy.cz
27,Anerge,Středočeský kraj,https://www.enf.com.cn/anerge?directory=installer&utm_source=ENF&utm_medium=Czech+Republic&utm_content=174609&utm_campaign=profiles_installer,https://www.anerge.cz
28,ARPEG,Moravskoslezský kraj,https://www.enf.com.cn/arpeg?directory=installer&utm_source=ENF&utm_medium=Czech+Republic&utm_content=145315&utm_campaign=profiles_installer,https://www.arpeg.cz
29,AS Construction,Hlavní město Praha,https://www.enf.com.cn/as-construction?directory=installer&utm_source=ENF&utm_medium=Czech+Republic&utm_content=174364&utm_campaign=profiles_installer,https://www.asc.solar
30,AS-Elektro,Pardubický kraj,https://www.enf.com.cn/as-elektro?directory=installer&utm_source=ENF&utm_medium=Czech+Republic&utm_content=30949&utm_campaign=profiles_installer,http://www.aselektro.cz
31,Asci Com,Plzeňský kraj,https://www.enf.com.cn/asci-com?directory=installer&utm_source=ENF&utm_medium=Czech+Republic&utm_content=68067&utm_campaign=profiles_installer,https://www.ascicom.cz
32,Asolacz,Liberecký kraj,https://www.enf.com.cn/asolacz?directory=installer&utm_source=ENF&utm_medium=Czech+Republic&utm_content=78827&utm_campaign=profiles_installer,https://www.asola.cz
33,Atlantis,Hlavní město Praha,https://www.enf.com.cn/atlantis?directory=installer&utm_source=ENF&utm_medium=Czech+Republic&utm_content=174829&utm_campaign=profiles_installer,https://www.atlantism.com
34,AVIS Solar,Jihomoravský kraj,https://www.enf.com.cn/avis-solar?directory=installer&utm_source=ENF&utm_medium=Czech+Republic&utm_content=174770&utm_campaign=profiles_installer,https://avis-solar.cz
35,Axiom Power,Středočeský kraj,https://www.enf.com.cn/axiom-power?directory=installer&utm_source=ENF&utm_medium=Czech+Republic&utm_content=174769&utm_campaign=profiles_installer,https://www.axiom-power.cz
36,Azep,Hlavní město Praha,https://www.enf.com.cn/azep?directory=installer&utm_source=ENF&utm_medium=Czech+Republic&utm_content=107037&utm_campaign=profiles_installer,http://azep.cz
37,AZsolar,Jihomoravský kraj,https://www.enf.com.cn/azsolar-1?directory=installer&utm_source=ENF&utm_medium=Czech+Republic&utm_content=126173&utm_campaign=profiles_installer,https://azsolar.cz
38,Baghirra,Hlavní město Praha,https://www.enf.com.cn/baghirra?directory=installer&utm_source=ENF&utm_medium=Czech+Republic&utm_content=78837&utm_campaign=profiles_installer,https://www.baghirra.cz
39,Baratech,Hlavní město Praha,https://www.enf.com.cn/baratech?directory=installer&utm_source=ENF&utm_medium=Czech+Republic&utm_content=106617&utm_campaign=profiles_installer,https://www.baratech.cz
40,Battery Charger CZ,Olomoucký kraj,https://www.enf.com.cn/battery-charger-cz?directory=installer&utm_source=ENF&utm_medium=Czech+Republic&utm_content=161601&utm_campaign=profiles_installer,https://www.bch-battery.cz
41,BCE,Jihomoravský kraj,https://www.enf.com.cn/bce?directory=installer&utm_source=ENF&utm_medium=Czech+Republic&utm_content=144907&utm_campaign=profiles_installer,https://www.bce.cz
42,Belo Solar Power,Kraj Vysočina,https://www.enf.com.cn/belo-solar-power?directory=installer&utm_source=ENF&utm_medium=Czech+Republic&utm_content=161221&utm_campaign=profiles_installer,https://www.belosolar.cz
43,Bencos Energy,Hlavní město Praha,https://www.enf.com.cn/bencos-energy?directory=installer&utm_source=ENF&utm_medium=Czech+Republic&utm_content=174444&utm_campaign=profiles_installer,https://www.bencos-energy.cz
44,beSolar,Hlavní město Praha,https://www.enf.com.cn/besolar-2?directory=installer&utm_source=ENF&utm_medium=Czech+Republic&utm_content=174548&utm_campaign=profiles_installer,https://www.besolar.cz
45,Bezva Solar,Hlavní město Praha,https://www.enf.com.cn/bezva-solar?directory=installer&utm_source=ENF&utm_medium=Czech+Republic&utm_content=166191&utm_campaign=profiles_installer,https://www.bezvasolar.cz
46,BHT,Hlavní město Praha,https://www.enf.com.cn/bht-2?directory=installer&utm_source=ENF&utm_medium=Czech+Republic&utm_content=174418&utm_campaign=profiles_installer,https://tepelnacerpadla-carrier.cz
47,Bidli,Hlavní město Praha,https://www.enf.com.cn/bidli?directory=installer&utm_source=ENF&utm_medium=Czech+Republic&utm_content=174381&utm_campaign=profiles_installer,https://www.bidli.cz
48,BK Instal,Jihomoravský kraj,https://www.enf.com.cn/bk-instal?directory=installer&utm_source=ENF&utm_medium=Czech+Republic&utm_content=145311&utm_campaign=profiles_installer,https://www.bkinstal.cz
49,BMSJ Elektro,Hlavní město Praha,https://www.enf.com.cn/bmsj-elektro?directory=installer&utm_source=ENF&utm_medium=Czech+Republic&utm_content=106536&utm_campaign=profiles_installer,https://www.bmsjelektro.eu
50,Buzzing Lines,Jihomoravský kraj,https://www.enf.com.cn/buzzing-lines?directory=installer&utm_source=ENF&utm_medium=Czech+Republic&utm_content=107463&utm_campaign=profiles_installer,http://www.buzzinglines.cz
51,Carrier,Plzeňský kraj,https://www.enf.com.cn/carrier?directory=installer&utm_source=ENF&utm_medium=Czech+Republic&utm_content=68151&utm_campaign=profiles_installer,https://www.carrierpm.cz
52,Česká solární,Středočeský kraj,https://www.enf.com.cn/eska-solarni?directory=installer&utm_source=ENF&utm_medium=Czech+Republic&utm_content=12269&utm_campaign=profiles_installer,https://www.ceska-solarni.cz
53,České Slunce Servisní,Jihomoravský kraj,https://www.enf.com.cn/eske-slunce-servisni?directory=installer&utm_source=ENF&utm_medium=Czech+Republic&utm_content=174565&utm_campaign=profiles_installer,https://www.ceskeslunce.cz
54,ČEZ,Liberecký kraj,https://www.enf.com.cn/ez?directory=installer&utm_source=ENF&utm_medium=Czech+Republic&utm_content=95907&utm_campaign=profiles_installer,https://www.cez.cz
55,Chlazení Nečas,Jihomoravský kraj,https://www.enf.com.cn/chlazeni-ne-as?directory=installer&utm_source=ENF&utm_medium=Czech+Republic&utm_content=174449&utm_campaign=profiles_installer,https://www.chlazeni-necas.cz
56,Coleman S.I.,Zlínský kraj,https://www.enf.com.cn/coleman-s-i?directory=installer&utm_source=ENF&utm_medium=Czech+Republic&utm_content=174442&utm_campaign=profiles_installer,https://www.coleman-fotovoltaika.cz
57,Colsys,Středočeský kraj,https://www.enf.com.cn/colsys?directory=installer&utm_source=ENF&utm_medium=Czech+Republic&utm_content=174438&utm_campaign=profiles_installer,https://fotovoltaika.colsys.cz
58,Cristela,Hlavní město Praha,https://www.enf.com.cn/cristela?directory=installer&utm_source=ENF&utm_medium=Czech+Republic&utm_content=141394&utm_campaign=profiles_installer,https://cristela.cz
59,CTC Energy,Plzeňský kraj,https://www.enf.com.cn/ctc-energy?directory=installer&utm_source=ENF&utm_medium=Czech+Republic&utm_content=172078&utm_campaign=profiles_installer,https://www.ctcenergy.cz
60,Cup Elektro,Kraj Vysočina,https://www.enf.com.cn/cup-elektro?directory=installer&utm_source=ENF&utm_medium=Czech+Republic&utm_content=174447&utm_campaign=profiles_installer,https://www.cup.cz
61,Czech Nature Energy,Plzeňský kraj,https://www.enf.com.cn/czech-nature-energy?directory=installer&utm_source=ENF&utm_medium=Czech+Republic&utm_content=12233&utm_campaign=profiles_installer,https://www.cne.cz
62,D2P Partners,Jihomoravský kraj,https://www.enf.com.cn/d2p-partners?directory=installer&utm_source=ENF&utm_medium=Czech+Republic&utm_content=174558&utm_campaign=profiles_installer,https://d2p-partners.cz
63,DALU,Pardubický kraj,https://www.enf.com.cn/dalu?directory=installer&utm_source=ENF&utm_medium=Czech+Republic&utm_content=90798&utm_campaign=profiles_installer,http://dalu.cz
64,David Altmann,Karlovarský kraj,https://www.enf.com.cn/david-altmann?directory=installer&utm_source=ENF&utm_medium=Czech+Republic&utm_content=77965&utm_campaign=profiles_installer,https://www.davidaltmann.cz
65,David Štička,Olomoucký kraj,https://www.enf.com.cn/david-ti-ka?directory=installer&utm_source=ENF&utm_medium=Czech+Republic&utm_content=107519&utm_campaign=profiles_installer,https://www.sticka.cz
66,Digi Sound,Plzeňský kraj,https://www.enf.com.cn/digi-sound?directory=installer&utm_source=ENF&utm_medium=Czech+Republic&utm_content=30661&utm_campaign=profiles_installer,https://www.digisound.as
67,Digibro,Středočeský kraj,https://www.enf.com.cn/digibro?directory=installer&utm_source=ENF&utm_medium=Czech+Republic&utm_content=174560&utm_campaign=profiles_installer,https://www.digibro.cz
68,Domácí Elektrárna,Hlavní město Praha,https://www.enf.com.cn/domaci-elektrarna?directory=installer&utm_source=ENF&utm_medium=Czech+Republic&utm_content=174434&utm_campaign=profiles_installer,https://domacielektrarna.cz
69,Domací Fotovoltaika,,https://www.enf.com.cn/domaci-fotovoltaika?directory=installer&utm_source=ENF&utm_medium=Czech+Republic&utm_content=138957&utm_campaign=profiles_installer,https://domacifotovoltaika.cz
70,Domov Gold Power,Hlavní město Praha,https://www.enf.com.cn/domov-gold-power?directory=installer&utm_source=ENF&utm_medium=Czech+Republic&utm_content=12235&utm_campaign=profiles_installer,https://www.domovgp.cz
71,DomySolar,Hlavní město Praha,https://www.enf.com.cn/domysolar?directory=installer&utm_source=ENF&utm_medium=Czech+Republic&utm_content=174846&utm_campaign=profiles_installer,https://www.domysolar.cz
72,Dražice Solar,Středočeský kraj,https://www.enf.com.cn/dra-ice-solar?directory=installer&utm_source=ENF&utm_medium=Czech+Republic&utm_content=165221&utm_campaign=profiles_installer,https://www.dzd-solar.cz
73,Drieling,Plzeňský kraj,https://www.enf.com.cn/drieling?directory=installer&utm_source=ENF&utm_medium=Czech+Republic&utm_content=107050&utm_campaign=profiles_installer,https://www.drieling.cz
74,Dům Soláru,Hlavní město Praha,https://www.enf.com.cn/d-m-solaru?directory=installer&utm_source=ENF&utm_medium=Czech+Republic&utm_content=174452&utm_campaign=profiles_installer,https://dumsolaru.cz
75,E Plus,Karlovarský kraj,https://www.enf.com.cn/e-plus?directory=installer&utm_source=ENF&utm_medium=Czech+Republic&utm_content=94799&utm_campaign=profiles_installer,https://www.e-plus.cz
76,E.T.B. Solar,Plzeňský kraj,https://www.enf.com.cn/e-t-b-solar?directory=installer&utm_source=ENF&utm_medium=Czech+Republic&utm_content=107465&utm_campaign=profiles_installer,https://www.etb-solar.cz
77,Ecoamper Group,Hlavní město Praha,https://www.enf.com.cn/ecoamper-group?directory=installer&utm_source=ENF&utm_medium=Czech+Republic&utm_content=174392&utm_campaign=profiles_installer,https://ecoamper.cz
78,EcoSun Systems,Moravskoslezský kraj,https://www.enf.com.cn/ecosun-systems?directory=installer&utm_source=ENF&utm_medium=Czech+Republic&utm_content=30333&utm_campaign=profiles_installer,https://www.ecosun.cz
79,EFOTON,Středočeský kraj,https://www.enf.com.cn/efoton?directory=installer&utm_source=ENF&utm_medium=Czech+Republic&utm_content=166027&utm_campaign=profiles_installer,https://efoton.cz
80,Eicero,Jihomoravský kraj,https://www.enf.com.cn/eicero?directory=installer&utm_source=ENF&utm_medium=Czech+Republic&utm_content=106580&utm_campaign=profiles_installer,https://www.eicero.cz
81,Eichl Elektro,Hlavní město Praha,https://www.enf.com.cn/eichl-elektro?directory=installer&utm_source=ENF&utm_medium=Czech+Republic&utm_content=106555&utm_campaign=profiles_installer,http://www.eichl-elektro.eu
82,Ekoproud,Plzeňský kraj,https://www.enf.com.cn/ekoproud?directory=installer&utm_source=ENF&utm_medium=Czech+Republic&utm_content=30589&utm_campaign=profiles_installer,http://www.ekoproud.cz
83,Ekotechnik Czech,Hlavní město Praha,https://www.enf.com.cn/ekotechnik-czech?directory=installer&utm_source=ENF&utm_medium=Czech+Republic&utm_content=76241&utm_campaign=profiles_installer,https://www.ekotechnik.cz
84,Ekotop-CB,Jihočeský kraj,https://www.enf.com.cn/ekotop-cb?directory=installer&utm_source=ENF&utm_medium=Czech+Republic&utm_content=139707&utm_campaign=profiles_installer,https://www.ekotop-cb.cz
85,El-Plus,Liberecký kraj,https://www.enf.com.cn/el-plus?directory=installer&utm_source=ENF&utm_medium=Czech+Republic&utm_content=78777&utm_campaign=profiles_installer,http://www.elektromontaze-liberec.cz
86,Elben Energy,Jihočeský kraj,https://www.enf.com.cn/elben-energy?directory=installer&utm_source=ENF&utm_medium=Czech+Republic&utm_content=95910&utm_campaign=profiles_installer,http://www.elbenenergy.cz
87,Electra Power,Hlavní město Praha,https://www.enf.com.cn/electra-power?directory=installer&utm_source=ENF&utm_medium=Czech+Republic&utm_content=174375&utm_campaign=profiles_installer,https://enpa.cz
88,Elektro Euron,Karlovarský kraj,https://www.enf.com.cn/elektro-euron?directory=installer&utm_source=ENF&utm_medium=Czech+Republic&utm_content=107048&utm_campaign=profiles_installer,http://www.elektro-euron.cz
89,Elektro Krša,Jihomoravský kraj,https://www.enf.com.cn/elektro-kr-a?directory=installer&utm_source=ENF&utm_medium=Czech+Republic&utm_content=90791&utm_campaign=profiles_installer,https://www.elektrokrsa.eu
90,Elektro Legát,Jihočeský kraj,https://www.enf.com.cn/elektro-legat?directory=installer&utm_source=ENF&utm_medium=Czech+Republic&utm_content=107039&utm_campaign=profiles_installer,https://elektro-legat.webnode.cz
91,Elektro Mleziva,Plzeňský kraj,https://www.enf.com.cn/elektro-mleziva?directory=installer&utm_source=ENF&utm_medium=Czech+Republic&utm_content=107030&utm_campaign=profiles_installer,https://www.elektromleziva.cz
92,Elektro Procházka,Jihomoravský kraj,https://www.enf.com.cn/elektro-prochazka?directory=installer&utm_source=ENF&utm_medium=Czech+Republic&utm_content=174580&utm_campaign=profiles_installer,https://www.elektro-prochazka.cz
93,Elektro UH,Zlínský kraj,https://www.enf.com.cn/elektro-uh?directory=installer&utm_source=ENF&utm_medium=Czech+Republic&utm_content=78851&utm_campaign=profiles_installer,https://www.elektrouh.cz
94,Elektro-FA. Pavelek,Moravskoslezský kraj,https://www.enf.com.cn/elektro-fa-pavelek?directory=installer&utm_source=ENF&utm_medium=Czech+Republic&utm_content=106544&utm_campaign=profiles_installer,https://www.epavelek.cz
95,Elektro-Flexi,Olomoucký kraj,https://www.enf.com.cn/elektro-flexi?directory=installer&utm_source=ENF&utm_medium=Czech+Republic&utm_content=106537&utm_campaign=profiles_installer,https://elektroflexi.cz
96,Elektro-M,Olomoucký kraj,https://www.enf.com.cn/elektro-m?directory=installer&utm_source=ENF&utm_medium=Czech+Republic&utm_content=137390&utm_campaign=profiles_installer,https://www.elektro-m.cz
97,Elektro-tour,Plzeňský kraj,https://www.enf.com.cn/elektro-tour?directory=installer&utm_source=ENF&utm_medium=Czech+Republic&utm_content=107029&utm_campaign=profiles_installer,https://www.elektrotour.eu
98,Elektrokom-JM,Královéhradecký kraj,https://www.enf.com.cn/elektrokom-jm?directory=installer&utm_source=ENF&utm_medium=Czech+Republic&utm_content=30449&utm_campaign=profiles_installer,https://www.elektrokom.eu
99,Elektromontáže Petr Dospěl,Kraj Vysočina,https://www.enf.com.cn/elektromonta-e-petr-dosp-l?directory=installer&utm_source=ENF&utm_medium=Czech+Republic&utm_content=78903&utm_campaign=profiles_installer,http://www.elektrodospel.cz
100,Elgas Energy,Hlavní město Praha,https://www.enf.com.cn/elgas-energy?directory=installer&utm_source=ENF&utm_medium=Czech+Republic&utm_content=174457&utm_campaign=profiles_installer,https://elgasenergy.cz
101,Elmonto,Hlavní město Praha,https://www.enf.com.cn/elmonto?directory=installer&utm_source=ENF&utm_medium=Czech+Republic&utm_content=174440&utm_campaign=profiles_installer,https://www.elmonto.cz
102,Elmos,Královéhradecký kraj,https://www.enf.com.cn/elmos?directory=installer&utm_source=ENF&utm_medium=Czech+Republic&utm_content=106598&utm_campaign=profiles_installer,https://www.elmostrutnov.cz
103,Elmos Liberec,Liberecký kraj,https://www.enf.com.cn/elmos-liberec?directory=installer&utm_source=ENF&utm_medium=Czech+Republic&utm_content=68277&utm_campaign=profiles_installer,https://elmos.cz
104,Elpe,Kraj Vysočina,https://www.enf.com.cn/elpe?directory=installer&utm_source=ENF&utm_medium=Czech+Republic&utm_content=106538&utm_campaign=profiles_installer,https://www.elpe.cz
105,Elpekom,Jihočeský kraj,https://www.enf.com.cn/elpekom?directory=installer&utm_source=ENF&utm_medium=Czech+Republic&utm_content=77975&utm_campaign=profiles_installer,https://elpekom.cz
106,Elpros,Hlavní město Praha,https://www.enf.com.cn/elpros?directory=installer&utm_source=ENF&utm_medium=Czech+Republic&utm_content=107043&utm_campaign=profiles_installer,https://elpros-praha.cz
107,ELS Elektro,Jihomoravský kraj,https://www.enf.com.cn/els-elektro?directory=installer&utm_source=ENF&utm_medium=Czech+Republic&utm_content=107041&utm_campaign=profiles_installer,https://www.elektrostredisko.cz
108,Elseremo,Zlínský kraj,https://www.enf.com.cn/elseremo?directory=installer&utm_source=ENF&utm_medium=Czech+Republic&utm_content=96005&utm_campaign=profiles_installer,https://elseremo.cz
109,Elspomont,Olomoucký kraj,https://www.enf.com.cn/elspomont?directory=installer&utm_source=ENF&utm_medium=Czech+Republic&utm_content=96007&utm_campaign=profiles_installer,http://www.elspomont.cz
110,Elyn Energie,Jihočeský kraj,https://www.enf.com.cn/elyn-energie?directory=installer&utm_source=ENF&utm_medium=Czech+Republic&utm_content=145308&utm_campaign=profiles_installer,https://www.elyn-energie.cz
111,Enerfin Plus,Plzeňský kraj,https://www.enf.com.cn/enerfin-plus?directory=installer&utm_source=ENF&utm_medium=Czech+Republic&utm_content=68203&utm_campaign=profiles_installer,https://www.enerfinplus.cz
112,Energ-Servis,Jihomoravský kraj,https://www.enf.com.cn/energ-servis?directory=installer&utm_source=ENF&utm_medium=Czech+Republic&utm_content=12179&utm_campaign=profiles_installer,https://www.energservis.cz
113,Energamo,Hlavní město Praha,https://www.enf.com.cn/energamo?directory=installer&utm_source=ENF&utm_medium=Czech+Republic&utm_content=174479&utm_campaign=profiles_installer,https://www.energamo.com
114,Energie do domu,Hlavní město Praha,https://www.enf.com.cn/energie-do-domu?directory=installer&utm_source=ENF&utm_medium=Czech+Republic&utm_content=174384&utm_campaign=profiles_installer,https://www.edd.cz
115,Energie Solar,Hlavní město Praha,https://www.enf.com.cn/energie-solar-1?directory=installer&utm_source=ENF&utm_medium=Czech+Republic&utm_content=142425&utm_campaign=profiles_installer,https://energie-solar.cz
116,Energie-Vsem,Jihočeský kraj,https://www.enf.com.cn/energie-vsem?directory=installer&utm_source=ENF&utm_medium=Czech+Republic&utm_content=174763&utm_campaign=profiles_installer,https://energie-vsem.cz
117,EnergieZS,Středočeský kraj,https://www.enf.com.cn/energiezs?directory=installer&utm_source=ENF&utm_medium=Czech+Republic&utm_content=174439&utm_campaign=profiles_installer,https://energiezs.cz
118,Energo Impact,Jihomoravský kraj,https://www.enf.com.cn/energo-impact?directory=installer&utm_source=ENF&utm_medium=Czech+Republic&utm_content=174584&utm_campaign=profiles_installer,https://www.energo-impact.cz
119,Energo NWT,Zlínský kraj,https://www.enf.com.cn/energo-nwt?directory=installer&utm_source=ENF&utm_medium=Czech+Republic&utm_content=12263&utm_campaign=profiles_installer,https://energo.nwt.cz
120,Energofinal,Středočeský kraj,https://www.enf.com.cn/energofinal?directory=installer&utm_source=ENF&utm_medium=Czech+Republic&utm_content=107028&utm_campaign=profiles_installer,https://www.energofinal.cz
121,EnergoSolar,Středočeský kraj,https://www.enf.com.cn/energosolar-1?directory=installer&utm_source=ENF&utm_medium=Czech+Republic&utm_content=174445&utm_campaign=profiles_installer,https://www.energosolar.cz
122,Energy 4 Home,Hlavní město Praha,https://www.enf.com.cn/energy-4-home?directory=installer&utm_source=ENF&utm_medium=Czech+Republic&utm_content=174419&utm_campaign=profiles_installer,https://www.energy4home.cz
123,Energy ForEver,Královéhradecký kraj,https://www.enf.com.cn/energy-forever?directory=installer&utm_source=ENF&utm_medium=Czech+Republic&utm_content=90796&utm_campaign=profiles_installer,http://www.energyforever.cz
124,Enstore,Hlavní město Praha,https://www.enf.com.cn/enstore?directory=installer&utm_source=ENF&utm_medium=Czech+Republic&utm_content=142433&utm_campaign=profiles_installer,https://enstore.cz
125,Envi Energy,Pardubický kraj,https://www.enf.com.cn/envi-energy-1?directory=installer&utm_source=ENF&utm_medium=Czech+Republic&utm_content=174758&utm_campaign=profiles_installer,https://www.envi-energy.cz
126,Envo,Hlavní město Praha,https://www.enf.com.cn/envo-1?directory=installer&utm_source=ENF&utm_medium=Czech+Republic&utm_content=174427&utm_campaign=profiles_installer,https://envo.cz
127,Eogen Servis,Hlavní město Praha,https://www.enf.com.cn/eogen-servis?directory=installer&utm_source=ENF&utm_medium=Czech+Republic&utm_content=95908&utm_campaign=profiles_installer,http://www.eogenservis.cz
128,EPŽ ČR,Hlavní město Praha,https://www.enf.com.cn/ep-r?directory=installer&utm_source=ENF&utm_medium=Czech+Republic&utm_content=174476&utm_campaign=profiles_installer,https://energieprozivot.eu
129,Evonaqo,Hlavní město Praha,https://www.enf.com.cn/evonaqo?directory=installer&utm_source=ENF&utm_medium=Czech+Republic&utm_content=147087&utm_campaign=profiles_installer,https://www.evonaqo.cz
130,Evora,Jihomoravský kraj,https://www.enf.com.cn/evora?directory=installer&utm_source=ENF&utm_medium=Czech+Republic&utm_content=77981&utm_campaign=profiles_installer,https://www.evora.cz
131,EWA Systems,Hlavní město Praha,https://www.enf.com.cn/ewa-systems?directory=installer&utm_source=ENF&utm_medium=Czech+Republic&utm_content=174764&utm_campaign=profiles_installer,https://www.ewa-systems.cz
132,Exirta,Plzeňský kraj,https://www.enf.com.cn/exirta?directory=installer&utm_source=ENF&utm_medium=Czech+Republic&utm_content=148163&utm_campaign=profiles_installer,https://www.exirta.cz
133,Fames,Zlínský kraj,https://www.enf.com.cn/fames?directory=installer&utm_source=ENF&utm_medium=Czech+Republic&utm_content=67747&utm_campaign=profiles_installer,https://www.fames.cz
134,Ferrit Energy,Moravskoslezský kraj,https://www.enf.com.cn/ferrit-energy?directory=installer&utm_source=ENF&utm_medium=Czech+Republic&utm_content=174456&utm_campaign=profiles_installer,https://ferritenergy.cz
135,Ferromet,Jihomoravský kraj,https://www.enf.com.cn/ferromet?directory=installer&utm_source=ENF&utm_medium=Czech+Republic&utm_content=141397&utm_campaign=profiles_installer,https://www.ferromet.cz
136,FFS Energy,Hlavní město Praha,https://www.enf.com.cn/ffs-energy?directory=installer&utm_source=ENF&utm_medium=Czech+Republic&utm_content=174573&utm_campaign=profiles_installer,https://ffsenergy.cz
137,Finoz,Plzeňský kraj,https://www.enf.com.cn/finoz?directory=installer&utm_source=ENF&utm_medium=Czech+Republic&utm_content=30815&utm_campaign=profiles_installer,http://www.finoz.cz
138,Foten,Jihočeský kraj,https://www.enf.com.cn/foten?directory=installer&utm_source=ENF&utm_medium=Czech+Republic&utm_content=141393&utm_campaign=profiles_installer,https://www.foten.cz
139,Fotovolt system,Kraj Vysočina,https://www.enf.com.cn/fotovolt-system?directory=installer&utm_source=ENF&utm_medium=Czech+Republic&utm_content=31005&utm_campaign=profiles_installer,https://www.fotovoltsystem.cz
140,Fotovoltaické Stavby,Jihomoravský kraj,https://www.enf.com.cn/fotovoltaicke-stavby?directory=installer&utm_source=ENF&utm_medium=Czech+Republic&utm_content=31083&utm_campaign=profiles_installer,http://www.solarnistavebnice.cz
141,Fotovoltaik,Olomoucký kraj,https://www.enf.com.cn/fotovoltaik?directory=installer&utm_source=ENF&utm_medium=Czech+Republic&utm_content=33287&utm_campaign=profiles_installer,https://www.fotovoltaik.cz
142,Fotovoltaika Benekov,Moravskoslezský kraj,https://www.enf.com.cn/fotovoltaika-benekov?directory=installer&utm_source=ENF&utm_medium=Czech+Republic&utm_content=167112&utm_campaign=profiles_installer,https://fotovoltaikabenekovesco.cz
143,Fotovoltaika Pardubice,Pardubický kraj,https://www.enf.com.cn/fotovoltaika-pardubice?directory=installer&utm_source=ENF&utm_medium=Czech+Republic&utm_content=174578&utm_campaign=profiles_installer,https://fotovoltaika-pardubice.cz
144,FotovoltaikaHD,Hlavní město Praha,https://www.enf.com.cn/fotovoltaikahd?directory=installer&utm_source=ENF&utm_medium=Czech+Republic&utm_content=163944&utm_campaign=profiles_installer,https://fotovoltaikahd.cz
145,Fotovolty,Hlavní město Praha,https://www.enf.com.cn/fotovolty?directory=installer&utm_source=ENF&utm_medium=Czech+Republic&utm_content=146512&utm_campaign=profiles_installer,https://www.fotovolty.cz
146,Freitag Project Development,Hlavní město Praha,https://www.enf.com.cn/freitag-project-development?directory=installer&utm_source=ENF&utm_medium=Czech+Republic&utm_content=12237&utm_campaign=profiles_installer,https://www.freitag-eu.cz
147,FT Solar,Hlavní město Praha,https://www.enf.com.cn/ft-solar?directory=installer&utm_source=ENF&utm_medium=Czech+Republic&utm_content=174600&utm_campaign=profiles_installer,https://ftsolar.cz
148,FTZ,Královéhradecký kraj,https://www.enf.com.cn/ftz?directory=installer&utm_source=ENF&utm_medium=Czech+Republic&utm_content=68089&utm_campaign=profiles_installer,http://www.ftz.cz
149,Futurae Vitae,Hlavní město Praha,https://www.enf.com.cn/futurae-vitae?directory=installer&utm_source=ENF&utm_medium=Czech+Republic&utm_content=174382&utm_campaign=profiles_installer,https://fuve.cz
150,FuzzyCorp,Hlavní město Praha,https://www.enf.com.cn/fuzzycorp?directory=installer&utm_source=ENF&utm_medium=Czech+Republic&utm_content=174383&utm_campaign=profiles_installer,https://www.solarynaklic.cz
151,FVE – HK,Královéhradecký kraj,https://www.enf.com.cn/fve-hk?directory=installer&utm_source=ENF&utm_medium=Czech+Republic&utm_content=68013&utm_campaign=profiles_installer,https://www.fve-hk.cz
152,Fve Czech,Hlavní město Praha,https://www.enf.com.cn/fve-czech?directory=installer&utm_source=ENF&utm_medium=Czech+Republic&utm_content=107538&utm_campaign=profiles_installer,https://www.decci.cz
153,FVE Solutions,Hlavní město Praha,https://www.enf.com.cn/fve-solutions?directory=installer&utm_source=ENF&utm_medium=Czech+Republic&utm_content=174371&utm_campaign=profiles_installer,https://fvesolutions.cz
154,FVE-System,Královéhradecký kraj,https://www.enf.com.cn/fve-system?directory=installer&utm_source=ENF&utm_medium=Czech+Republic&utm_content=174852&utm_campaign=profiles_installer,https://fve-system.cz
155,Fve4Rd,Středočeský kraj,https://www.enf.com.cn/fve4rd?directory=installer&utm_source=ENF&utm_medium=Czech+Republic&utm_content=174389&utm_campaign=profiles_installer,https://www.fve4rd.cz
156,FVS,Královéhradecký kraj,https://www.enf.com.cn/fvs?directory=installer&utm_source=ENF&utm_medium=Czech+Republic&utm_content=107461&utm_campaign=profiles_installer,https://www.fvs1.cz
157,Fynyty - FVE,Liberecký kraj,https://www.enf.com.cn/fynyty-fve?directory=installer&utm_source=ENF&utm_medium=Czech+Republic&utm_content=138947&utm_campaign=profiles_installer,https://www.fynyty-fve.cz
158,Galimed,Plzeňský kraj,https://www.enf.com.cn/galimed?directory=installer&utm_source=ENF&utm_medium=Czech+Republic&utm_content=30427&utm_campaign=profiles_installer,https://www.galimed.cz
159,Galvena,Zlínský kraj,https://www.enf.com.cn/galvena?directory=installer&utm_source=ENF&utm_medium=Czech+Republic&utm_content=68223&utm_campaign=profiles_installer,http://www.galvena.cz
160,GBC Renesys,Olomoucký kraj,https://www.enf.com.cn/gbc-renesys?directory=installer&utm_source=ENF&utm_medium=Czech+Republic&utm_content=78893&utm_campaign=profiles_installer,https://www.gbc-renesys.cz
161,Genius FVE,Středočeský kraj,https://www.enf.com.cn/genius-fve?directory=installer&utm_source=ENF&utm_medium=Czech+Republic&utm_content=142420&utm_campaign=profiles_installer,https://geniusfve.cz
162,Gigasolar,Pardubický kraj,https://www.enf.com.cn/gigasolar?directory=installer&utm_source=ENF&utm_medium=Czech+Republic&utm_content=174557&utm_campaign=profiles_installer,https://gigasolar.cz
163,Golden Sun Power,Středočeský kraj,https://www.enf.com.cn/golden-sun-power?directory=installer&utm_source=ENF&utm_medium=Czech+Republic&utm_content=174562&utm_campaign=profiles_installer,https://goldensunpower.cz
164,GoldenSUN.energy,Zlínský kraj,https://www.enf.com.cn/goldensun-energy?directory=installer&utm_source=ENF&utm_medium=Czech+Republic&utm_content=6971&utm_campaign=profiles_installer,https://goldensun.energy
165,Gottwald,Středočeský kraj,https://www.enf.com.cn/gottwald?directory=installer&utm_source=ENF&utm_medium=Czech+Republic&utm_content=138956&utm_campaign=profiles_installer,https://www.fotovoltaika-gottwald.cz
166,Green Energy Solution,Hlavní město Praha,https://www.enf.com.cn/green-energy-solution?directory=installer&utm_source=ENF&utm_medium=Czech+Republic&utm_content=174432&utm_campaign=profiles_installer,http://www.greenes.cz
167,Green Force,Hlavní město Praha,https://www.enf.com.cn/green-force?directory=installer&utm_source=ENF&utm_medium=Czech+Republic&utm_content=174367&utm_campaign=profiles_installer,https://www.greenforce.cz
168,Green Home Energy,Středočeský kraj,https://www.enf.com.cn/green-home-energy?directory=installer&utm_source=ENF&utm_medium=Czech+Republic&utm_content=148165&utm_campaign=profiles_installer,https://homeenergy.cz
169,Greenbuddies,Hlavní město Praha,https://www.enf.com.cn/greenbuddies?directory=installer&utm_source=ENF&utm_medium=Czech+Republic&utm_content=110236&utm_campaign=profiles_installer,http://www.greenbuddies.eu
170,GreenCzech,Moravskoslezský kraj,https://www.enf.com.cn/greenczech?directory=installer&utm_source=ENF&utm_medium=Czech+Republic&utm_content=128675&utm_campaign=profiles_installer,https://www.greenczech.cz
171,GreenDrop,Hlavní město Praha,https://www.enf.com.cn/greendrop?directory=installer&utm_source=ENF&utm_medium=Czech+Republic&utm_content=174760&utm_campaign=profiles_installer,https://www.greendrop.cz
172,Greensie,Hlavní město Praha,https://www.enf.com.cn/greensie?directory=installer&utm_source=ENF&utm_medium=Czech+Republic&utm_content=174373&utm_campaign=profiles_installer,https://www.greensie-fotovoltaika.cz
173,Greeny,Hlavní město Praha,https://www.enf.com.cn/greeny?directory=installer&utm_source=ENF&utm_medium=Czech+Republic&utm_content=174473&utm_campaign=profiles_installer,https://greenycesko.cz
174,GSP,Hlavní město Praha,https://www.enf.com.cn/gsp-1?directory=installer&utm_source=ENF&utm_medium=Czech+Republic&utm_content=174604&utm_campaign=profiles_installer,https://greensolarpower.cz
175,GT Solar Power,Jihomoravský kraj,https://www.enf.com.cn/gt-solar-power?directory=installer&utm_source=ENF&utm_medium=Czech+Republic&utm_content=107355&utm_campaign=profiles_installer,https://www.gtsolarpower.com
176,Gvservis,Kraj Vysočina,https://www.enf.com.cn/gvservis?directory=installer&utm_source=ENF&utm_medium=Czech+Republic&utm_content=30871&utm_campaign=profiles_installer,https://www.gvservis.cz
177,H-Solar,Hlavní město Praha,https://www.enf.com.cn/h-solar-1?directory=installer&utm_source=ENF&utm_medium=Czech+Republic&utm_content=174583&utm_campaign=profiles_installer,https://www.h-solar.cz
178,H+D Elektromontáže,Moravskoslezský kraj,https://www.enf.com.cn/h-d-elektromonta-e?directory=installer&utm_source=ENF&utm_medium=Czech+Republic&utm_content=78799&utm_campaign=profiles_installer,https://www.hd-elektro.cz
179,HC Kredit,Karlovarský kraj,https://www.enf.com.cn/hc-kredit?directory=installer&utm_source=ENF&utm_medium=Czech+Republic&utm_content=107462&utm_campaign=profiles_installer,https://hckredit.cz
180,HE,Jihomoravský kraj,https://www.enf.com.cn/he?directory=installer&utm_source=ENF&utm_medium=Czech+Republic&utm_content=30867&utm_campaign=profiles_installer,https://www.horaenergy.cz
181,Hegas,Moravskoslezský kraj,https://www.enf.com.cn/hegas?directory=installer&utm_source=ENF&utm_medium=Czech+Republic&utm_content=162881&utm_campaign=profiles_installer,https://www.hegas.cz
182,Heinz-Elektro,Olomoucký kraj,https://www.enf.com.cn/heinz-elektro?directory=installer&utm_source=ENF&utm_medium=Czech+Republic&utm_content=137341&utm_campaign=profiles_installer,https://www.heinz-elektro.cz
183,Heko Group,Středočeský kraj,https://www.enf.com.cn/heko-group?directory=installer&utm_source=ENF&utm_medium=Czech+Republic&utm_content=174465&utm_campaign=profiles_installer,https://www.heko-group.cz
184,Helion CZ,Královéhradecký kraj,https://www.enf.com.cn/helion-cz?directory=installer&utm_source=ENF&utm_medium=Czech+Republic&utm_content=1236&utm_campaign=profiles_installer,https://helion.cz
185,Helios Solution,Hlavní město Praha,https://www.enf.com.cn/helios-solution?directory=installer&utm_source=ENF&utm_medium=Czech+Republic&utm_content=174374&utm_campaign=profiles_installer,https://heliossolution.cz
186,HQ Line,Hlavní město Praha,https://www.enf.com.cn/hq-line?directory=installer&utm_source=ENF&utm_medium=Czech+Republic&utm_content=30863&utm_campaign=profiles_installer,https://www.hqline.com
187,Hyánek,Jihočeský kraj,https://www.enf.com.cn/hyanek?directory=installer&utm_source=ENF&utm_medium=Czech+Republic&utm_content=78859&utm_campaign=profiles_installer,https://hyanek.cz
188,IDB Solar,Hlavní město Praha,https://www.enf.com.cn/idb-solar?directory=installer&utm_source=ENF&utm_medium=Czech+Republic&utm_content=174567&utm_campaign=profiles_installer,https://idb-solar.cz
189,IGTech,Hlavní město Praha,https://www.enf.com.cn/igtech?directory=installer&utm_source=ENF&utm_medium=Czech+Republic&utm_content=68755&utm_campaign=profiles_installer,https://www.igtech.cz
190,Ilios,Jihomoravský kraj,https://www.enf.com.cn/ilios?directory=installer&utm_source=ENF&utm_medium=Czech+Republic&utm_content=174579&utm_campaign=profiles_installer,https://ilios.cz
191,Imosys,Královéhradecký kraj,https://www.enf.com.cn/imosys?directory=installer&utm_source=ENF&utm_medium=Czech+Republic&utm_content=30599&utm_campaign=profiles_installer,http://www.imosys.cz
192,INEL,Plzeňský kraj,https://www.enf.com.cn/inel-1?directory=installer&utm_source=ENF&utm_medium=Czech+Republic&utm_content=148161&utm_campaign=profiles_installer,https://www.inel.cz
193,Iner,Jihomoravský kraj,https://www.enf.com.cn/iner?directory=installer&utm_source=ENF&utm_medium=Czech+Republic&utm_content=138944&utm_campaign=profiles_installer,https://www.iner.cz
194,Innogy,Moravskoslezský kraj,https://www.enf.com.cn/innogy?directory=installer&utm_source=ENF&utm_medium=Czech+Republic&utm_content=174464&utm_campaign=profiles_installer,https://fotovoltaika.innogy.cz
195,Insight Energy,Středočeský kraj,https://www.enf.com.cn/insight-energy?directory=installer&utm_source=ENF&utm_medium=Czech+Republic&utm_content=141396&utm_campaign=profiles_installer,https://www.insightenergy.solar
196,Instalace Praha,Hlavní město Praha,https://www.enf.com.cn/instalace-praha?directory=installer&utm_source=ENF&utm_medium=Czech+Republic&utm_content=78897&utm_campaign=profiles_installer,http://www.instalace.cz
197,Instalprofi,Jihomoravský kraj,https://www.enf.com.cn/instalprofi?directory=installer&utm_source=ENF&utm_medium=Czech+Republic&utm_content=77969&utm_campaign=profiles_installer,http://www.instalprofi.cz
198,INTV Solar,Středočeský kraj,https://www.enf.com.cn/intv-solar?directory=installer&utm_source=ENF&utm_medium=Czech+Republic&utm_content=174420&utm_campaign=profiles_installer,https://www.intvsolar.cz
199,Isofen Energy,Jihočeský kraj,https://www.enf.com.cn/isofen-energy?directory=installer&utm_source=ENF&utm_medium=Czech+Republic&utm_content=30701&utm_campaign=profiles_installer,http://www.isofenenergy.cz
200,Istasolar,Ústecký kraj,https://www.enf.com.cn/istasolar?directory=installer&utm_source=ENF&utm_medium=Czech+Republic&utm_content=162673&utm_campaign=profiles_installer,https://www.istasolar.cz
201,J&V EcoConsult,Olomoucký kraj,https://www.enf.com.cn/j-v-ecoconsult?directory=installer&utm_source=ENF&utm_medium=Czech+Republic&utm_content=68217&utm_campaign=profiles_installer,https://www.jvecoconsult.cz
202,Janovský Elektro,Liberecký kraj,https://www.enf.com.cn/janovsk-elektro?directory=installer&utm_source=ENF&utm_medium=Czech+Republic&utm_content=78763&utm_campaign=profiles_installer,https://www.janovsky-elektro.cz
203,Jezl Elektro,Hlavní město Praha,https://www.enf.com.cn/jezl-elektro?directory=installer&utm_source=ENF&utm_medium=Czech+Republic&utm_content=107051&utm_campaign=profiles_installer,https://www.elektrojezl.cz
204,JK-Solar,Zlínský kraj,https://www.enf.com.cn/jk-solar-1?directory=installer&utm_source=ENF&utm_medium=Czech+Republic&utm_content=156604&utm_campaign=profiles_installer,https://www.jk-solar.cz
205,Joyce Čr,Jihomoravský kraj,https://www.enf.com.cn/joyce-r?directory=installer&utm_source=ENF&utm_medium=Czech+Republic&utm_content=12238&utm_campaign=profiles_installer,https://www.joyce-energie.cz
206,Jt Eko Solar,Hlavní město Praha,https://www.enf.com.cn/jt-eko-solar?directory=installer&utm_source=ENF&utm_medium=Czech+Republic&utm_content=142423&utm_campaign=profiles_installer,http://www.jt-eko.cz
207,K+B Elektro-Technik,Plzeňský kraj,https://www.enf.com.cn/k-b-elektro-technik?directory=installer&utm_source=ENF&utm_medium=Czech+Republic&utm_content=68195&utm_campaign=profiles_installer,https://www.kbelektro.cz
208,Kaska,Jihočeský kraj,https://www.enf.com.cn/kaska?directory=installer&utm_source=ENF&utm_medium=Czech+Republic&utm_content=22961&utm_campaign=profiles_installer,https://www.kaska.eu
209,Kavoj Kovovýroba,Hlavní město Praha,https://www.enf.com.cn/kavoj-kovov-roba?directory=installer&utm_source=ENF&utm_medium=Czech+Republic&utm_content=174450&utm_campaign=profiles_installer,https://fotovoltaika.kavoj.cz
210,Keep Building,Hlavní město Praha,https://www.enf.com.cn/keep-building?directory=installer&utm_source=ENF&utm_medium=Czech+Republic&utm_content=174855&utm_campaign=profiles_installer,https://www.keepbuilding.cz
211,Klempirstvi Kohut,Jihomoravský kraj,https://www.enf.com.cn/klempirstvi-kohut?directory=installer&utm_source=ENF&utm_medium=Czech+Republic&utm_content=67733&utm_campaign=profiles_installer,https://www.klempirstvikohut.cz
212,Klimakom Energy,Jihomoravský kraj,https://www.enf.com.cn/klimakom-energy?directory=installer&utm_source=ENF&utm_medium=Czech+Republic&utm_content=78855&utm_campaign=profiles_installer,https://www.klimakomenergy.cz
213,Klimawest,Plzeňský kraj,https://www.enf.com.cn/klimawest?directory=installer&utm_source=ENF&utm_medium=Czech+Republic&utm_content=145272&utm_campaign=profiles_installer,https://www.klimawest.cz
214,Konex,Olomoucký kraj,https://www.enf.com.cn/konex?directory=installer&utm_source=ENF&utm_medium=Czech+Republic&utm_content=95913&utm_campaign=profiles_installer,https://www.solarobchod.cz
215,Korola,Jihomoravský kraj,https://www.enf.com.cn/korola?directory=installer&utm_source=ENF&utm_medium=Czech+Republic&utm_content=165991&utm_campaign=profiles_installer,https://www.korola-elektro.cz
216,Kosmo,Hlavní město Praha,https://www.enf.com.cn/kosmo?directory=installer&utm_source=ENF&utm_medium=Czech+Republic&utm_content=135814&utm_campaign=profiles_installer,https://www.kosmosolar.eu
217,KS Energy,Moravskoslezský kraj,https://www.enf.com.cn/ks-energy?directory=installer&utm_source=ENF&utm_medium=Czech+Republic&utm_content=138943&utm_campaign=profiles_installer,https://www.ksenergy.cz
218,KVE-mont,Zlínský kraj,https://www.enf.com.cn/kve-mont?directory=installer&utm_source=ENF&utm_medium=Czech+Republic&utm_content=77959&utm_campaign=profiles_installer,http://www.kvemont.cz
219,Lady Sol,Hlavní město Praha,https://www.enf.com.cn/lady-sol?directory=installer&utm_source=ENF&utm_medium=Czech+Republic&utm_content=116811&utm_campaign=profiles_installer,http://ladysol.eu
220,Lama Energy,Moravskoslezský kraj,https://www.enf.com.cn/lama-energy?directory=installer&utm_source=ENF&utm_medium=Czech+Republic&utm_content=141395&utm_campaign=profiles_installer,https://www.lamaenergy.cz
221,Lama Solar,Hlavní město Praha,https://www.enf.com.cn/lama-solar?directory=installer&utm_source=ENF&utm_medium=Czech+Republic&utm_content=142432&utm_campaign=profiles_installer,https://lamasolar.cz
222,LH Energy,Hlavní město Praha,https://www.enf.com.cn/lh-energy-1?directory=installer&utm_source=ENF&utm_medium=Czech+Republic&utm_content=168874&utm_campaign=profiles_installer,https://www.lh-energy.cz
223,LQ Střechy,Hlavní město Praha,https://www.enf.com.cn/lq-st-echy?directory=installer&utm_source=ENF&utm_medium=Czech+Republic&utm_content=146511&utm_campaign=profiles_installer,https://www.lqstrechy.cz
224,LSK Green Group,Hlavní město Praha,https://www.enf.com.cn/lsk-green-group?directory=installer&utm_source=ENF&utm_medium=Czech+Republic&utm_content=163949&utm_campaign=profiles_installer,https://www.lskgreengroup.com
225,Luboš Holub,Plzeňský kraj,https://www.enf.com.cn/lubo-holub?directory=installer&utm_source=ENF&utm_medium=Czech+Republic&utm_content=95906&utm_campaign=profiles_installer,https://www.holubstrechy.cz
226,Lucius Fox Engineering,Královéhradecký kraj,https://www.enf.com.cn/lucius-fox-engineering?directory=installer&utm_source=ENF&utm_medium=Czech+Republic&utm_content=174460&utm_campaign=profiles_installer,https://www.lucius-fox.cz
227,LUKY system,Olomoucký kraj,https://www.enf.com.cn/luky-system?directory=installer&utm_source=ENF&utm_medium=Czech+Republic&utm_content=67993&utm_campaign=profiles_installer,https://www.lukysystem.cz
228,Lunek,Jihomoravský kraj,https://www.enf.com.cn/lunek?directory=installer&utm_source=ENF&utm_medium=Czech+Republic&utm_content=12283&utm_campaign=profiles_installer,https://www.lunek.cz
229,Mallarisun,Hlavní město Praha,https://www.enf.com.cn/mallarisun?directory=installer&utm_source=ENF&utm_medium=Czech+Republic&utm_content=174478&utm_campaign=profiles_installer,https://mallarisun.cz
230,Marco Energy,Liberecký kraj,https://www.enf.com.cn/marco-energy?directory=installer&utm_source=ENF&utm_medium=Czech+Republic&utm_content=174582&utm_campaign=profiles_installer,https://www.marco-energy.cz
231,Marvolt,Hlavní město Praha,https://www.enf.com.cn/marvolt?directory=installer&utm_source=ENF&utm_medium=Czech+Republic&utm_content=174605&utm_campaign=profiles_installer,https://marvolt.cz
232,Matru,Ústecký kraj,https://www.enf.com.cn/matru?directory=installer&utm_source=ENF&utm_medium=Czech+Republic&utm_content=30787&utm_campaign=profiles_installer,https://www.matru.cz
233,Mayle Energy,Hlavní město Praha,https://www.enf.com.cn/mayle-energy?directory=installer&utm_source=ENF&utm_medium=Czech+Republic&utm_content=159830&utm_campaign=profiles_installer,https://www.mayle.cz
234,MC Elektro,Moravskoslezský kraj,https://www.enf.com.cn/mc-elektro?directory=installer&utm_source=ENF&utm_medium=Czech+Republic&utm_content=106596&utm_campaign=profiles_installer,https://mcelektro.cz
235,MDK Energy,Hlavní město Praha,https://www.enf.com.cn/mdk-energy?directory=installer&utm_source=ENF&utm_medium=Czech+Republic&utm_content=170005&utm_campaign=profiles_installer,https://www.mdkenergy.eu
236,Mega-Sunshine,Hlavní město Praha,https://www.enf.com.cn/mega-sunshine?directory=installer&utm_source=ENF&utm_medium=Czech+Republic&utm_content=142426&utm_campaign=profiles_installer,http://www.mega-sunshine.cz
237,Mentari Green,Hlavní město Praha,https://www.enf.com.cn/mentari-green?directory=installer&utm_source=ENF&utm_medium=Czech+Republic&utm_content=174461&utm_campaign=profiles_installer,https://www.mentari.cz
238,Micronic,Olomoucký kraj,https://www.enf.com.cn/micronic?directory=installer&utm_source=ENF&utm_medium=Czech+Republic&utm_content=174429&utm_campaign=profiles_installer,https://www.micronic.cz
239,Micronix,Hlavní město Praha,https://www.enf.com.cn/micronix?directory=installer&utm_source=ENF&utm_medium=Czech+Republic&utm_content=30511&utm_campaign=profiles_installer,https://www.micronix.cz
240,Midatech,Plzeňský kraj,https://www.enf.com.cn/midatech?directory=installer&utm_source=ENF&utm_medium=Czech+Republic&utm_content=165339&utm_campaign=profiles_installer,https://www.midatech.cz
241,Milan Vaniš,Ústecký kraj,https://www.enf.com.cn/milan-vani?directory=installer&utm_source=ENF&utm_medium=Czech+Republic&utm_content=164954&utm_campaign=profiles_installer,https://www.milanvanis.cz
242,Miloš Šic,Jihomoravský kraj,https://www.enf.com.cn/milo-ic?directory=installer&utm_source=ENF&utm_medium=Czech+Republic&utm_content=145323&utm_campaign=profiles_installer,http://www.sicmilos.cz
243,Minext Pro,Hlavní město Praha,https://www.enf.com.cn/minext-pro?directory=installer&utm_source=ENF&utm_medium=Czech+Republic&utm_content=142419&utm_campaign=profiles_installer,https://www.minext.cz
244,Mira,Jihomoravský kraj,https://www.enf.com.cn/mira?directory=installer&utm_source=ENF&utm_medium=Czech+Republic&utm_content=30897&utm_campaign=profiles_installer,https://www.mirabrno.cz
245,MMM- Solar,Moravskoslezský kraj,https://www.enf.com.cn/mmm-solar?directory=installer&utm_source=ENF&utm_medium=Czech+Republic&utm_content=148513&utm_campaign=profiles_installer,http://www.solarnitechnika.info
246,MUJ Solar,Hlavní město Praha,https://www.enf.com.cn/muj-solar?directory=installer&utm_source=ENF&utm_medium=Czech+Republic&utm_content=174601&utm_campaign=profiles_installer,https://www.fotovoltaika.cool
247,MV Projekt Klatovy,Plzeňský kraj,https://www.enf.com.cn/mv-projekt-klatovy?directory=installer&utm_source=ENF&utm_medium=Czech+Republic&utm_content=78905&utm_campaign=profiles_installer,http://www.mv-projekt.cz
248,Nano Solar,Hlavní město Praha,https://www.enf.com.cn/nano-solar?directory=installer&utm_source=ENF&utm_medium=Czech+Republic&utm_content=142418&utm_campaign=profiles_installer,https://www.nanosolar.eu
249,Nelumbo,,https://www.enf.com.cn/nelumbo?directory=installer&utm_source=ENF&utm_medium=Czech+Republic&utm_content=7989&utm_campaign=profiles_installer,https://www.nelumbo.cz
250,NEO Power,Hlavní město Praha,https://www.enf.com.cn/neo-power?directory=installer&utm_source=ENF&utm_medium=Czech+Republic&utm_content=174422&utm_campaign=profiles_installer,https://www.neopower.cz
251,Neon Partner,Zlínský kraj,https://www.enf.com.cn/neon-partner?directory=installer&utm_source=ENF&utm_medium=Czech+Republic&utm_content=30801&utm_campaign=profiles_installer,https://www.neonpartner.cz
252,New Home Invest,Jihomoravský kraj,https://www.enf.com.cn/new-home-invest?directory=installer&utm_source=ENF&utm_medium=Czech+Republic&utm_content=113433&utm_campaign=profiles_installer,https://www.nhinvest.cz
253,NH Solar,Jihomoravský kraj,https://www.enf.com.cn/nh-solar-1?directory=installer&utm_source=ENF&utm_medium=Czech+Republic&utm_content=174575&utm_campaign=profiles_installer,https://nhsolar.cz
254,Nobility,Zlínský kraj,https://www.enf.com.cn/nobility?directory=installer&utm_source=ENF&utm_medium=Czech+Republic&utm_content=6089&utm_campaign=profiles_installer,https://nobility.cz
255,Novasave,Plzeňský kraj,https://www.enf.com.cn/novasave?directory=installer&utm_source=ENF&utm_medium=Czech+Republic&utm_content=95912&utm_campaign=profiles_installer,https://www.novasave.cz
256,Novotný Elektronik,Středočeský kraj,https://www.enf.com.cn/novotn-elektronik?directory=installer&utm_source=ENF&utm_medium=Czech+Republic&utm_content=107520&utm_campaign=profiles_installer,https://www.novotnyelektronik.cz
257,Olympia Energy,Hlavní město Praha,https://www.enf.com.cn/olympia-energy?directory=installer&utm_source=ENF&utm_medium=Czech+Republic&utm_content=174372&utm_campaign=profiles_installer,https://olympiaenergy.cz
258,OMNY,Hlavní město Praha,https://www.enf.com.cn/omny?directory=installer&utm_source=ENF&utm_medium=Czech+Republic&utm_content=174859&utm_campaign=profiles_installer,https://www.omny.cz
259,Operis,Hlavní město Praha,https://www.enf.com.cn/operis?directory=installer&utm_source=ENF&utm_medium=Czech+Republic&utm_content=174391&utm_campaign=profiles_installer,https://operis.cz
260,Optimal Power,Moravskoslezský kraj,https://www.enf.com.cn/optimal-power?directory=installer&utm_source=ENF&utm_medium=Czech+Republic&utm_content=174875&utm_campaign=profiles_installer,https://optimalpower.cz
261,Ostrovní Elektrárny,Olomoucký kraj,https://www.enf.com.cn/ostrovni-elektrarny?directory=installer&utm_source=ENF&utm_medium=Czech+Republic&utm_content=30505&utm_campaign=profiles_installer,https://www.ostrovni-elektrarny.cz
262,OZE Solar,Plzeňský kraj,https://www.enf.com.cn/oze-solar?directory=installer&utm_source=ENF&utm_medium=Czech+Republic&utm_content=12294&utm_campaign=profiles_installer,http://www.ozesolar.cz
263,Pbsolar,Zlínský kraj,https://www.enf.com.cn/pbsolar?directory=installer&utm_source=ENF&utm_medium=Czech+Republic&utm_content=33347&utm_campaign=profiles_installer,http://www.pbsolar.cz
264,Peebee,Ústecký kraj,https://www.enf.com.cn/peebee?directory=installer&utm_source=ENF&utm_medium=Czech+Republic&utm_content=169804&utm_campaign=profiles_installer,https://peebee.cz
265,PENTO,Hlavní město Praha,https://www.enf.com.cn/pento?directory=installer&utm_source=ENF&utm_medium=Czech+Republic&utm_content=68017&utm_campaign=profiles_installer,https://www.pento.cz
266,PePaSol,Jihočeský kraj,https://www.enf.com.cn/pepasol?directory=installer&utm_source=ENF&utm_medium=Czech+Republic&utm_content=94735&utm_campaign=profiles_installer,https://www.pepasol.cz
267,Pešek & Mudra,Plzeňský kraj,https://www.enf.com.cn/pe-ek-mudra?directory=installer&utm_source=ENF&utm_medium=Czech+Republic&utm_content=138954&utm_campaign=profiles_installer,https://www.pesekmudra.cz
268,Petr Los,Karlovarský kraj,https://www.enf.com.cn/petr-los?directory=installer&utm_source=ENF&utm_medium=Czech+Republic&utm_content=78835&utm_campaign=profiles_installer,http://www.los-ec.eu
269,Petralaan,Kraj Vysočina,https://www.enf.com.cn/petralaan?directory=installer&utm_source=ENF&utm_medium=Czech+Republic&utm_content=174451&utm_campaign=profiles_installer,https://www.petralaan.cz
270,Photon Energy Group,Hlavní město Praha,https://www.enf.com.cn/photon-energy-group?directory=installer&utm_source=ENF&utm_medium=Czech+Republic&utm_content=167252&utm_campaign=profiles_installer,https://www.photonenergy.cz
271,Planergy,Hlavní město Praha,https://www.enf.com.cn/planergy?directory=installer&utm_source=ENF&utm_medium=Czech+Republic&utm_content=174388&utm_campaign=profiles_installer,https://planergy.cz
272,Pluto Energy,Hlavní město Praha,https://www.enf.com.cn/pluto-energy?directory=installer&utm_source=ENF&utm_medium=Czech+Republic&utm_content=142430&utm_campaign=profiles_installer,http://www.plutoenergy.com
273,Pokrývačství Bušta,Jihočeský kraj,https://www.enf.com.cn/pokr-va-stvi-bu-ta?directory=installer&utm_source=ENF&utm_medium=Czech+Republic&utm_content=95904&utm_campaign=profiles_installer,http://www.busta.cz
274,Polabské Dotace,Hlavní město Praha,https://www.enf.com.cn/polabske-dotace?directory=installer&utm_source=ENF&utm_medium=Czech+Republic&utm_content=174761&utm_campaign=profiles_installer,https://www.polabske-dotace.cz
275,Porsyl Systém,Zlínský kraj,https://www.enf.com.cn/porsyl-system?directory=installer&utm_source=ENF&utm_medium=Czech+Republic&utm_content=139698&utm_campaign=profiles_installer,http://www.porsyl.cz
276,Postavime,Hlavní město Praha,https://www.enf.com.cn/postavime?directory=installer&utm_source=ENF&utm_medium=Czech+Republic&utm_content=145320&utm_campaign=profiles_installer,https://www.postavime.eu
277,Power Energy Innovations,Hlavní město Praha,https://www.enf.com.cn/power-energy-innovations?directory=installer&utm_source=ENF&utm_medium=Czech+Republic&utm_content=174430&utm_campaign=profiles_installer,https://www.pwe-in.cz
278,Pražská Energetika,Hlavní město Praha,https://www.enf.com.cn/pra-ska-energetika?directory=installer&utm_source=ENF&utm_medium=Czech+Republic&utm_content=142431&utm_campaign=profiles_installer,https://www.pre.cz
279,Profialarm,Královéhradecký kraj,https://www.enf.com.cn/profialarm?directory=installer&utm_source=ENF&utm_medium=Czech+Republic&utm_content=96008&utm_campaign=profiles_installer,https://www.profialarm.cz
280,Profilak Group,,https://www.enf.com.cn/profilak-group?directory=installer&utm_source=ENF&utm_medium=Czech+Republic&utm_content=131698&utm_campaign=profiles_installer,https://www.profilak-group.com
281,Profisun Energy,Středočeský kraj,https://www.enf.com.cn/profisun-energy?directory=installer&utm_source=ENF&utm_medium=Czech+Republic&utm_content=174597&utm_campaign=profiles_installer,https://profisun.cz
282,Profit Solar,Jihočeský kraj,https://www.enf.com.cn/profit-solar?directory=installer&utm_source=ENF&utm_medium=Czech+Republic&utm_content=30819&utm_campaign=profiles_installer,https://www.profitsolar.cz
283,Project Zero,Moravskoslezský kraj,https://www.enf.com.cn/project-zero?directory=installer&utm_source=ENF&utm_medium=Czech+Republic&utm_content=145325&utm_campaign=profiles_installer,https://www.projectzero.cz
284,Projinstal Plzeň,Plzeňský kraj,https://www.enf.com.cn/projinstal-plze?directory=installer&utm_source=ENF&utm_medium=Czech+Republic&utm_content=107523&utm_campaign=profiles_installer,http://www.projinstal.cz
285,Prosolar,Moravskoslezský kraj,https://www.enf.com.cn/prosolar-3?directory=installer&utm_source=ENF&utm_medium=Czech+Republic&utm_content=90793&utm_campaign=profiles_installer,https://www.prosolar.cz
286,Protech Group,Plzeňský kraj,https://www.enf.com.cn/protech-group?directory=installer&utm_source=ENF&utm_medium=Czech+Republic&utm_content=30549&utm_campaign=profiles_installer,https://www.protech-group.cz
287,Protech Solar,Hlavní město Praha,https://www.enf.com.cn/protech-solar-1?directory=installer&utm_source=ENF&utm_medium=Czech+Republic&utm_content=169607&utm_campaign=profiles_installer,https://protechsolar.cz
288,Protection & Consulting,Jihomoravský kraj,https://www.enf.com.cn/protection-consulting?directory=installer&utm_source=ENF&utm_medium=Czech+Republic&utm_content=12282&utm_campaign=profiles_installer,https://www.protection.cz
289,ProTrading,Hlavní město Praha,https://www.enf.com.cn/protrading?directory=installer&utm_source=ENF&utm_medium=Czech+Republic&utm_content=174598&utm_campaign=profiles_installer,https://protrading.cz
290,PSD,Hlavní město Praha,https://www.enf.com.cn/psd?directory=installer&utm_source=ENF&utm_medium=Czech+Republic&utm_content=30967&utm_campaign=profiles_installer,https://www.psdelektro.cz
291,PVS,Jihomoravský kraj,https://www.enf.com.cn/pvs-2?directory=installer&utm_source=ENF&utm_medium=Czech+Republic&utm_content=146507&utm_campaign=profiles_installer,https://pvserviceplus.cz
292,Radek Holý,Středočeský kraj,https://www.enf.com.cn/radek-hol?directory=installer&utm_source=ENF&utm_medium=Czech+Republic&utm_content=95914&utm_campaign=profiles_installer,https://www.elektromont-radek.cz
293,RaTi Elektro,Jihomoravský kraj,https://www.enf.com.cn/rati-elektro?directory=installer&utm_source=ENF&utm_medium=Czech+Republic&utm_content=96009&utm_campaign=profiles_installer,https://www.rati.cz
294,Ravont Solar,Hlavní město Praha,https://www.enf.com.cn/ravont-solar?directory=installer&utm_source=ENF&utm_medium=Czech+Republic&utm_content=174482&utm_campaign=profiles_installer,https://ravontsolar.cz
295,Rayo,Jihomoravský kraj,https://www.enf.com.cn/rayo?directory=installer&utm_source=ENF&utm_medium=Czech+Republic&utm_content=138955&utm_campaign=profiles_installer,https://www.rayo.cz
296,RD Solar,Ústecký kraj,https://www.enf.com.cn/rd-solar-1?directory=installer&utm_source=ENF&utm_medium=Czech+Republic&utm_content=30477&utm_campaign=profiles_installer,https://www.rdsolar.cz
297,ReEnergy,Hlavní město Praha,https://www.enf.com.cn/reenergy-1?directory=installer&utm_source=ENF&utm_medium=Czech+Republic&utm_content=174483&utm_campaign=profiles_installer,https://reenergy.cz
298,Regam,Pardubický kraj,https://www.enf.com.cn/regam?directory=installer&utm_source=ENF&utm_medium=Czech+Republic&utm_content=33313&utm_campaign=profiles_installer,http://www.regam.cz
299,Renastav,Hlavní město Praha,https://www.enf.com.cn/renastav?directory=installer&utm_source=ENF&utm_medium=Czech+Republic&utm_content=78771&utm_campaign=profiles_installer,http://renastav.cz
300,Renerga Solutions,Jihomoravský kraj,https://www.enf.com.cn/renerga-solutions?directory=installer&utm_source=ENF&utm_medium=Czech+Republic&utm_content=30861&utm_campaign=profiles_installer,https://www.renerga.cz
301,Renergo Tech,Hlavní město Praha,https://www.enf.com.cn/renergo-tech?directory=installer&utm_source=ENF&utm_medium=Czech+Republic&utm_content=174437&utm_campaign=profiles_installer,https://renergotech.cz
302,Revamont,Karlovarský kraj,https://www.enf.com.cn/revamont?directory=installer&utm_source=ENF&utm_medium=Czech+Republic&utm_content=12355&utm_campaign=profiles_installer,http://www.revamont.cz
303,Revital Energy,Hlavní město Praha,https://www.enf.com.cn/revital-energy?directory=installer&utm_source=ENF&utm_medium=Czech+Republic&utm_content=129762&utm_campaign=profiles_installer,https://www.revital-energy.cz
304,reWATT,Hlavní město Praha,https://www.enf.com.cn/rewatt-1?directory=installer&utm_source=ENF&utm_medium=Czech+Republic&utm_content=174377&utm_campaign=profiles_installer,https://www.rewatt.cz
305,RH Elektro,Moravskoslezský kraj,https://www.enf.com.cn/rh-elektro?directory=installer&utm_source=ENF&utm_medium=Czech+Republic&utm_content=90795&utm_campaign=profiles_installer,https://rhelektro.com/fotovoltaika/
306,RMC Stavby,Karlovarský kraj,https://www.enf.com.cn/rmc-stavby?directory=installer&utm_source=ENF&utm_medium=Czech+Republic&utm_content=174470&utm_campaign=profiles_installer,https://rmc-stavby.cz
307,Rufy PV,Zlínský kraj,https://www.enf.com.cn/rufy-pv?directory=installer&utm_source=ENF&utm_medium=Czech+Republic&utm_content=138949&utm_campaign=profiles_installer,https://rufypv.cz
308,S-Power,Středočeský kraj,https://www.enf.com.cn/s-power?directory=installer&utm_source=ENF&utm_medium=Czech+Republic&utm_content=67711&utm_campaign=profiles_installer,https://www.s-power.cz
309,S.W.H. Group,Hlavní město Praha,https://www.enf.com.cn/s-w-h-group?directory=installer&utm_source=ENF&utm_medium=Czech+Republic&utm_content=124307&utm_campaign=profiles_installer,https://www.swhgroup.eu
310,S&P innotec,Hlavní město Praha,https://www.enf.com.cn/s-p-innotec?directory=installer&utm_source=ENF&utm_medium=Czech+Republic&utm_content=169423&utm_campaign=profiles_installer,https://www.spinnotec.cz
311,Safima,Hlavní město Praha,https://www.enf.com.cn/safima?directory=installer&utm_source=ENF&utm_medium=Czech+Republic&utm_content=174435&utm_campaign=profiles_installer,https://www.safimagroup.cz
312,Sajdok Elektro,Moravskoslezský kraj,https://www.enf.com.cn/sajdok-elektro?directory=installer&utm_source=ENF&utm_medium=Czech+Republic&utm_content=90790&utm_campaign=profiles_installer,https://sajdokelektro.cz
313,Sany,Středočeský kraj,https://www.enf.com.cn/sany?directory=installer&utm_source=ENF&utm_medium=Czech+Republic&utm_content=12266&utm_campaign=profiles_installer,https://www.sany.cz
314,Sattech,Hlavní město Praha,https://www.enf.com.cn/sattech?directory=installer&utm_source=ENF&utm_medium=Czech+Republic&utm_content=174484&utm_campaign=profiles_installer,https://sattech.cz
315,Satturn Holesov,Zlínský kraj,https://www.enf.com.cn/satturn-holesov?directory=installer&utm_source=ENF&utm_medium=Czech+Republic&utm_content=107026&utm_campaign=profiles_installer,https://www.satturn.cz
316,Schlieger,Hlavní město Praha,https://www.enf.com.cn/schlieger?directory=installer&utm_source=ENF&utm_medium=Czech+Republic&utm_content=142428&utm_campaign=profiles_installer,https://schlieger.cz
317,Sefy,Hlavní město Praha,https://www.enf.com.cn/sefy?directory=installer&utm_source=ENF&utm_medium=Czech+Republic&utm_content=142422&utm_campaign=profiles_installer,https://sefy.cz
318,Servis Solar,Jihomoravský kraj,https://www.enf.com.cn/servis-solar?directory=installer&utm_source=ENF&utm_medium=Czech+Republic&utm_content=68139&utm_campaign=profiles_installer,https://www.servissolar24.cz
319,SIFE,Kraj Vysočina,https://www.enf.com.cn/sife?directory=installer&utm_source=ENF&utm_medium=Czech+Republic&utm_content=174873&utm_campaign=profiles_installer,https://www.sife.cz
320,Silektro,Hlavní město Praha,https://www.enf.com.cn/silektro?directory=installer&utm_source=ENF&utm_medium=Czech+Republic&utm_content=37319&utm_campaign=profiles_installer,https://www.silektro.cz
321,Simply,Pardubický kraj,https://www.enf.com.cn/simply?directory=installer&utm_source=ENF&utm_medium=Czech+Republic&utm_content=143892&utm_campaign=profiles_installer,https://www.simply.cz
322,Slunsola SE,Hlavní město Praha,https://www.enf.com.cn/slunsola-se?directory=installer&utm_source=ENF&utm_medium=Czech+Republic&utm_content=174379&utm_campaign=profiles_installer,https://www.slunsola.cz
323,Smart Phoenix,Moravskoslezský kraj,https://www.enf.com.cn/smart-phoenix?directory=installer&utm_source=ENF&utm_medium=Czech+Republic&utm_content=174462&utm_campaign=profiles_installer,https://www.smartphoenix.cz
324,Soelso,Moravskoslezský kraj,https://www.enf.com.cn/soelso?directory=installer&utm_source=ENF&utm_medium=Czech+Republic&utm_content=107539&utm_campaign=profiles_installer,http://www.soelso.cz
325,Solar Baron,Pardubický kraj,https://www.enf.com.cn/solar-baron?directory=installer&utm_source=ENF&utm_medium=Czech+Republic&utm_content=174237&utm_campaign=profiles_installer,https://solar-baron.cz
326,Solar Bohemia,Moravskoslezský kraj,https://www.enf.com.cn/solar-bohemia?directory=installer&utm_source=ENF&utm_medium=Czech+Republic&utm_content=30711&utm_campaign=profiles_installer,https://www.solarbohemia.cz
327,Solar Brothers,Hlavní město Praha,https://www.enf.com.cn/solar-brothers-2?directory=installer&utm_source=ENF&utm_medium=Czech+Republic&utm_content=174368&utm_campaign=profiles_installer,https://www.solarbrothers.cz
328,Solar Bryka,Jihomoravský kraj,https://www.enf.com.cn/solar-bryka?directory=installer&utm_source=ENF&utm_medium=Czech+Republic&utm_content=174441&utm_campaign=profiles_installer,https://www.solarbryka.cz
329,Solar Energy Unlimited,Moravskoslezský kraj,https://www.enf.com.cn/solar-energy-unlimited?directory=installer&utm_source=ENF&utm_medium=Czech+Republic&utm_content=174762&utm_campaign=profiles_installer,https://www.solareu.cz
330,Solar Global,Zlínský kraj,https://www.enf.com.cn/solar-global?directory=installer&utm_source=ENF&utm_medium=Czech+Republic&utm_content=30409&utm_campaign=profiles_installer,https://www.solarglobal.cz
331,Solar Gods,Jihomoravský kraj,https://www.enf.com.cn/solar-gods?directory=installer&utm_source=ENF&utm_medium=Czech+Republic&utm_content=174486&utm_campaign=profiles_installer,https://www.solargods.cz
332,Solar Living,Hlavní město Praha,https://www.enf.com.cn/solar-living-1?directory=installer&utm_source=ENF&utm_medium=Czech+Republic&utm_content=174477&utm_campaign=profiles_installer,https://www.solarliving.cz
333,Solar NG,Středočeský kraj,https://www.enf.com.cn/solar-ng?directory=installer&utm_source=ENF&utm_medium=Czech+Republic&utm_content=95911&utm_campaign=profiles_installer,http://www.solarng.cz
334,Solar Partner,Hlavní město Praha,https://www.enf.com.cn/solar-partner-1?directory=installer&utm_source=ENF&utm_medium=Czech+Republic&utm_content=174488&utm_campaign=profiles_installer,https://solarnipartner.cz
335,Solar Planet,Hlavní město Praha,https://www.enf.com.cn/solar-planet-2?directory=installer&utm_source=ENF&utm_medium=Czech+Republic&utm_content=171346&utm_campaign=profiles_installer,https://www.solarplanet.biz
336,Solar Save,Pardubický kraj,https://www.enf.com.cn/solar-save?directory=installer&utm_source=ENF&utm_medium=Czech+Republic&utm_content=7988&utm_campaign=profiles_installer,https://www.solarsave.cz
337,Solar Solution,Liberecký kraj,https://www.enf.com.cn/solar-solution-1?directory=installer&utm_source=ENF&utm_medium=Czech+Republic&utm_content=73077&utm_campaign=profiles_installer,https://solar-solution.cz
338,Solar Techtrade Praha,Hlavní město Praha,https://www.enf.com.cn/solar-techtrade-praha?directory=installer&utm_source=ENF&utm_medium=Czech+Republic&utm_content=174559&utm_campaign=profiles_installer,https://www.solartechtrade.cz
339,Solar-Elektro,Ústecký kraj,https://www.enf.com.cn/solar-elektro?directory=installer&utm_source=ENF&utm_medium=Czech+Republic&utm_content=148672&utm_campaign=profiles_installer,https://www.solar-elektro.cz
340,SolarBase,Hlavní město Praha,https://www.enf.com.cn/solarbase-1?directory=installer&utm_source=ENF&utm_medium=Czech+Republic&utm_content=174576&utm_campaign=profiles_installer,https://www.solarbase.cz
341,Solarbeam,Hlavní město Praha,https://www.enf.com.cn/solarbeam-1?directory=installer&utm_source=ENF&utm_medium=Czech+Republic&utm_content=166753&utm_campaign=profiles_installer,https://www.solarbeam.cz
342,SolarCell,Moravskoslezský kraj,https://www.enf.com.cn/solarcell-1?directory=installer&utm_source=ENF&utm_medium=Czech+Republic&utm_content=78843&utm_campaign=profiles_installer,http://www.solarcellinfo.cz
343,SolarCo,Hlavní město Praha,https://www.enf.com.cn/solarco?directory=installer&utm_source=ENF&utm_medium=Czech+Republic&utm_content=39019&utm_campaign=profiles_installer,http://www.solar-co.cz
344,Solarel,Olomoucký kraj,https://www.enf.com.cn/solarel-1?directory=installer&utm_source=ENF&utm_medium=Czech+Republic&utm_content=163827&utm_campaign=profiles_installer,https://solarelsro.cz
345,Solarenvi,Jihočeský kraj,https://www.enf.com.cn/solarenvi?directory=installer&utm_source=ENF&utm_medium=Czech+Republic&utm_content=30405&utm_campaign=profiles_installer,https://www.solarenvi.cz
346,Solarfix,Středočeský kraj,https://www.enf.com.cn/solarfix?directory=installer&utm_source=ENF&utm_medium=Czech+Republic&utm_content=77971&utm_campaign=profiles_installer,http://www.solarfix.cz
347,Solarfy,Hlavní město Praha,https://www.enf.com.cn/solarfy-1?directory=installer&utm_source=ENF&utm_medium=Czech+Republic&utm_content=165947&utm_campaign=profiles_installer,https://solarfy.cz
348,SolarHome,Středočeský kraj,https://www.enf.com.cn/solarhome-1?directory=installer&utm_source=ENF&utm_medium=Czech+Republic&utm_content=12290&utm_campaign=profiles_installer,https://www.solarhome.cz
349,Solaring,Hlavní město Praha,https://www.enf.com.cn/solaring-2?directory=installer&utm_source=ENF&utm_medium=Czech+Republic&utm_content=174607&utm_campaign=profiles_installer,https://www.solaring.cz
350,Solarinvest,Hlavní město Praha,https://www.enf.com.cn/solarinvest?directory=installer&utm_source=ENF&utm_medium=Czech+Republic&utm_content=30669&utm_campaign=profiles_installer,https://www.solarinvest.cz
351,SolarkocikConstruction,Jihočeský kraj,https://www.enf.com.cn/solarkocikconstruction?directory=installer&utm_source=ENF&utm_medium=Czech+Republic&utm_content=168149&utm_campaign=profiles_installer,https://solarkocikconstruction.eu
352,Solarkonastrechu,Ústecký kraj,https://www.enf.com.cn/solarkonastrechu?directory=installer&utm_source=ENF&utm_medium=Czech+Republic&utm_content=174466&utm_campaign=profiles_installer,https://www.solarkonastrechu.cz
353,Solarmac,Hlavní město Praha,https://www.enf.com.cn/solarmac?directory=installer&utm_source=ENF&utm_medium=Czech+Republic&utm_content=81566&utm_campaign=profiles_installer,https://solarmac.webnode.cz
354,Solarmont,Moravskoslezský kraj,https://www.enf.com.cn/solarmont?directory=installer&utm_source=ENF&utm_medium=Czech+Republic&utm_content=67727&utm_campaign=profiles_installer,https://solar-mont.cz
355,SolarniReseni,,https://www.enf.com.cn/solarnireseni?directory=installer&utm_source=ENF&utm_medium=Czech+Republic&utm_content=138387&utm_campaign=profiles_installer,https://solarnireseni.cz
356,Solarplan,Moravskoslezský kraj,https://www.enf.com.cn/solarplan-1?directory=installer&utm_source=ENF&utm_medium=Czech+Republic&utm_content=141391&utm_campaign=profiles_installer,https://www.solarplan.cz
357,SolarPro,Královéhradecký kraj,https://www.enf.com.cn/solarpro-4?directory=installer&utm_source=ENF&utm_medium=Czech+Republic&utm_content=30881&utm_campaign=profiles_installer,http://www.solarpro.cz
358,SolarQ,Hlavní město Praha,https://www.enf.com.cn/solarq-1?directory=installer&utm_source=ENF&utm_medium=Czech+Republic&utm_content=174428&utm_campaign=profiles_installer,https://www.solarq.cz
359,Solars,Středočeský kraj,https://www.enf.com.cn/solars?directory=installer&utm_source=ENF&utm_medium=Czech+Republic&utm_content=174547&utm_campaign=profiles_installer,https://www.solars.cz
360,Solartec,Zlínský kraj,https://www.enf.com.cn/solartec-3?directory=installer&utm_source=ENF&utm_medium=Czech+Republic&utm_content=67721&utm_campaign=profiles_installer,https://solartec.eu
361,Soláry Chytře,Hlavní město Praha,https://www.enf.com.cn/solary-chyt-e?directory=installer&utm_source=ENF&utm_medium=Czech+Republic&utm_content=174599&utm_campaign=profiles_installer,https://www.solary-chytre.cz
362,Solek,Hlavní město Praha,https://www.enf.com.cn/solek-1?directory=installer&utm_source=ENF&utm_medium=Czech+Republic&utm_content=94880&utm_campaign=profiles_installer,https://www.solek.com
363,Solengen,Hlavní město Praha,https://www.enf.com.cn/solengen?directory=installer&utm_source=ENF&utm_medium=Czech+Republic&utm_content=174459&utm_campaign=profiles_installer,https://solengen.cz
364,Solergy,Hlavní město Praha,https://www.enf.com.cn/solergy?directory=installer&utm_source=ENF&utm_medium=Czech+Republic&utm_content=174585&utm_campaign=profiles_installer,https://solergy.cz
365,SolidSun,Moravskoslezský kraj,https://www.enf.com.cn/solidsun?directory=installer&utm_source=ENF&utm_medium=Czech+Republic&utm_content=90789&utm_campaign=profiles_installer,https://www.solidsun.cz
366,Sollaris,Ústecký kraj,https://www.enf.com.cn/sollaris?directory=installer&utm_source=ENF&utm_medium=Czech+Republic&utm_content=30733&utm_campaign=profiles_installer,https://www.sollaris.cz
367,SOLSOL,Jihomoravský kraj,https://www.enf.com.cn/solsol?directory=installer&utm_source=ENF&utm_medium=Czech+Republic&utm_content=107025&utm_campaign=profiles_installer,https://www.solsol.cz
368,Solution Energy,Středočeský kraj,https://www.enf.com.cn/solution-energy?directory=installer&utm_source=ENF&utm_medium=Czech+Republic&utm_content=142434&utm_campaign=profiles_installer,https://www.solution-energy.cz
369,SOMI,Hlavní město Praha,https://www.enf.com.cn/somi?directory=installer&utm_source=ENF&utm_medium=Czech+Republic&utm_content=174467&utm_campaign=profiles_installer,https://somias.cz
370,Sonea,Jihomoravský kraj,https://www.enf.com.cn/sonea?directory=installer&utm_source=ENF&utm_medium=Czech+Republic&utm_content=78891&utm_campaign=profiles_installer,https://www.sonea.cz
371,Sorian,Středočeský kraj,https://www.enf.com.cn/sorian?directory=installer&utm_source=ENF&utm_medium=Czech+Republic&utm_content=174448&utm_campaign=profiles_installer,https://www.sorian.cz
372,Sparkinvest,Zlínský kraj,https://www.enf.com.cn/sparkinvest?directory=installer&utm_source=ENF&utm_medium=Czech+Republic&utm_content=139021&utm_campaign=profiles_installer,https://solarpark.cz
373,ST Alternative Energy,Hlavní město Praha,https://www.enf.com.cn/st-alternative-energy?directory=installer&utm_source=ENF&utm_medium=Czech+Republic&utm_content=142427&utm_campaign=profiles_installer,https://www.stae.cz
374,Stamp Uni,Karlovarský kraj,https://www.enf.com.cn/stamp-uni?directory=installer&utm_source=ENF&utm_medium=Czech+Republic&utm_content=141390&utm_campaign=profiles_installer,https://www.solarkv.cz
375,Stand By Energy,Plzeňský kraj,https://www.enf.com.cn/stand-by-energy?directory=installer&utm_source=ENF&utm_medium=Czech+Republic&utm_content=174458&utm_campaign=profiles_installer,https://www.fveplzen.cz
376,Strechy Šot,Plzeňský kraj,https://www.enf.com.cn/strechy-ot?directory=installer&utm_source=ENF&utm_medium=Czech+Republic&utm_content=95902&utm_campaign=profiles_installer,https://www.strechy-sot.cz
377,Střechy Vaníček,Jihočeský kraj,https://www.enf.com.cn/st-echy-vani-ek?directory=installer&utm_source=ENF&utm_medium=Czech+Republic&utm_content=139697&utm_campaign=profiles_installer,https://www.strechy-vanicek.cz
378,Sun 4 Power,Hlavní město Praha,https://www.enf.com.cn/sun-4-power?directory=installer&utm_source=ENF&utm_medium=Czech+Republic&utm_content=174366&utm_campaign=profiles_installer,https://www.sun4power.cz
379,Sun Assist,Hlavní město Praha,https://www.enf.com.cn/sun-assist?directory=installer&utm_source=ENF&utm_medium=Czech+Republic&utm_content=174386&utm_campaign=profiles_installer,https://www.sunassist.cz
380,Sun Krystal,Královéhradecký kraj,https://www.enf.com.cn/sun-krystal?directory=installer&utm_source=ENF&utm_medium=Czech+Republic&utm_content=39037&utm_campaign=profiles_installer,https://sunkrystal.cz
381,Sun Pi,Jihočeský kraj,https://www.enf.com.cn/sun-pi?directory=installer&utm_source=ENF&utm_medium=Czech+Republic&utm_content=30919&utm_campaign=profiles_installer,https://www.sunpi.cz
382,SunBrothers,Hlavní město Praha,https://www.enf.com.cn/sunbrothers?directory=installer&utm_source=ENF&utm_medium=Czech+Republic&utm_content=174387&utm_campaign=profiles_installer,https://sunbrothers.cz
383,Sunfin,Pardubický kraj,https://www.enf.com.cn/sunfin?directory=installer&utm_source=ENF&utm_medium=Czech+Republic&utm_content=68185&utm_campaign=profiles_installer,https://www.sunfin.cz
384,Sunios,Hlavní město Praha,https://www.enf.com.cn/sunios?directory=installer&utm_source=ENF&utm_medium=Czech+Republic&utm_content=174433&utm_campaign=profiles_installer,https://www.sunios.cz
385,SunLife Energy,Středočeský kraj,https://www.enf.com.cn/sunlife-energy-1?directory=installer&utm_source=ENF&utm_medium=Czech+Republic&utm_content=148164&utm_campaign=profiles_installer,https://sunlife.cz
386,Sunlink,Středočeský kraj,https://www.enf.com.cn/sunlink-1?directory=installer&utm_source=ENF&utm_medium=Czech+Republic&utm_content=174380&utm_campaign=profiles_installer,https://sunlink.cz
387,Sunlite Technologies,Hlavní město Praha,https://www.enf.com.cn/sunlite-technologies?directory=installer&utm_source=ENF&utm_medium=Czech+Republic&utm_content=174370&utm_campaign=profiles_installer,https://sunlite.cz
388,Sunlux,Jihomoravský kraj,https://www.enf.com.cn/sunlux?directory=installer&utm_source=ENF&utm_medium=Czech+Republic&utm_content=78785&utm_campaign=profiles_installer,https://www.sunlux.cz
389,Sunmander,Moravskoslezský kraj,https://www.enf.com.cn/sunmander?directory=installer&utm_source=ENF&utm_medium=Czech+Republic&utm_content=122903&utm_campaign=profiles_installer,https://www.sunmander.cz
390,Sunmill,Středočeský kraj,https://www.enf.com.cn/sunmill?directory=installer&utm_source=ENF&utm_medium=Czech+Republic&utm_content=174475&utm_campaign=profiles_installer,https://sunmill.cz
391,Sunnytech,Zlínský kraj,https://www.enf.com.cn/sunnytech?directory=installer&utm_source=ENF&utm_medium=Czech+Republic&utm_content=77961&utm_campaign=profiles_installer,https://sunnytech.eu
392,Sunus,Plzeňský kraj,https://www.enf.com.cn/sunus-1?directory=installer&utm_source=ENF&utm_medium=Czech+Republic&utm_content=148162&utm_campaign=profiles_installer,https://www.sunus.cz
393,Sunwork,Hlavní město Praha,https://www.enf.com.cn/sunwork?directory=installer&utm_source=ENF&utm_medium=Czech+Republic&utm_content=142424&utm_campaign=profiles_installer,https://sunwork.cz
394,Sup-Technik,Hlavní město Praha,https://www.enf.com.cn/sup-technik?directory=installer&utm_source=ENF&utm_medium=Czech+Republic&utm_content=174844&utm_campaign=profiles_installer,https://suptechnik.cz
395,Svoboda A Syn,Jihomoravský kraj,https://www.enf.com.cn/svoboda-a-syn?directory=installer&utm_source=ENF&utm_medium=Czech+Republic&utm_content=90794&utm_campaign=profiles_installer,https://www.sasbrno.cz
396,SVP Solar,Hlavní město Praha,https://www.enf.com.cn/svp-solar?directory=installer&utm_source=ENF&utm_medium=Czech+Republic&utm_content=78781&utm_campaign=profiles_installer,https://www.svp-solar.cz
397,Systep,Pardubický kraj,https://www.enf.com.cn/systep?directory=installer&utm_source=ENF&utm_medium=Czech+Republic&utm_content=68271&utm_campaign=profiles_installer,https://www.systep.cz
398,Techniart Servis,Středočeský kraj,https://www.enf.com.cn/techniart-servis?directory=installer&utm_source=ENF&utm_medium=Czech+Republic&utm_content=174481&utm_campaign=profiles_installer,https://www.techniart.cz
399,Technologie Budov,Hlavní město Praha,https://www.enf.com.cn/technologie-budov?directory=installer&utm_source=ENF&utm_medium=Czech+Republic&utm_content=174853&utm_campaign=profiles_installer,https://www.technologie-budov.cz
400,Teplo-Chlad,Olomoucký kraj,https://www.enf.com.cn/teplo-chlad?directory=installer&utm_source=ENF&utm_medium=Czech+Republic&utm_content=141392&utm_campaign=profiles_installer,https://www.teplo-chlad.cz
401,Terms,Jihočeský kraj,https://www.enf.com.cn/terms?directory=installer&utm_source=ENF&utm_medium=Czech+Republic&utm_content=6698&utm_campaign=profiles_installer,
402,Tersys,Královéhradecký kraj,https://www.enf.com.cn/tersys?directory=installer&utm_source=ENF&utm_medium=Czech+Republic&utm_content=30905&utm_campaign=profiles_installer,https://www.tersys.cz
403,TIPA Solar,Moravskoslezský kraj,https://www.enf.com.cn/tipa-solar-1?directory=installer&utm_source=ENF&utm_medium=Czech+Republic&utm_content=174436&utm_campaign=profiles_installer,https://www.tipasolar.cz
404,TIPA Telekom,Kraj Vysočina,https://www.enf.com.cn/tipa-telekom?directory=installer&utm_source=ENF&utm_medium=Czech+Republic&utm_content=107034&utm_campaign=profiles_installer,https://www.tipatelekom.cz
405,Top-Envi Tech Brno,Jihomoravský kraj,https://www.enf.com.cn/top-envi-tech-brno?directory=installer&utm_source=ENF&utm_medium=Czech+Republic&utm_content=95998&utm_campaign=profiles_installer,https://topenvi.cz
406,Topsolars.com,Hlavní město Praha,https://www.enf.com.cn/topsolars-com?directory=installer&utm_source=ENF&utm_medium=Czech+Republic&utm_content=174378&utm_campaign=profiles_installer,https://topsolars.com
407,Transference,Hlavní město Praha,https://www.enf.com.cn/transference?directory=installer&utm_source=ENF&utm_medium=Czech+Republic&utm_content=174606&utm_campaign=profiles_installer,https://transference.cz
408,Treals MP,Jihomoravský kraj,https://www.enf.com.cn/treals-mp?directory=installer&utm_source=ENF&utm_medium=Czech+Republic&utm_content=30911&utm_campaign=profiles_installer,https://www.treals.cz
409,Tribase Arch,Jihočeský kraj,https://www.enf.com.cn/tribase-arch?directory=installer&utm_source=ENF&utm_medium=Czech+Republic&utm_content=67987&utm_campaign=profiles_installer,https://www.tribase.cz
410,Trienergo,Jihomoravský kraj,https://www.enf.com.cn/trienergo?directory=installer&utm_source=ENF&utm_medium=Czech+Republic&utm_content=138940&utm_campaign=profiles_installer,https://www.trienergo.cz
411,Tronenergy,Hlavní město Praha,https://www.enf.com.cn/tronenergy?directory=installer&utm_source=ENF&utm_medium=Czech+Republic&utm_content=174376&utm_campaign=profiles_installer,https://www.tronenergy.eu
412,TWI spol,Moravskoslezský kraj,https://www.enf.com.cn/twi-spol?directory=installer&utm_source=ENF&utm_medium=Czech+Republic&utm_content=145019&utm_campaign=profiles_installer,https://www.twi.cz
413,Unifast Solar,Jihomoravský kraj,https://www.enf.com.cn/unifast-solar?directory=installer&utm_source=ENF&utm_medium=Czech+Republic&utm_content=174577&utm_campaign=profiles_installer,https://www.unifastsolar.cz
414,Unifin - Klima,Královéhradecký kraj,https://www.enf.com.cn/unifin-klima?directory=installer&utm_source=ENF&utm_medium=Czech+Republic&utm_content=78797&utm_campaign=profiles_installer,https://www.unifinklima.cz
415,Valorem Energy,Hlavní město Praha,https://www.enf.com.cn/valorem-energy?directory=installer&utm_source=ENF&utm_medium=Czech+Republic&utm_content=174385&utm_campaign=profiles_installer,https://valoremenergy.cz
416,Vega,Jihomoravský kraj,https://www.enf.com.cn/vega-1?directory=installer&utm_source=ENF&utm_medium=Czech+Republic&utm_content=107032&utm_campaign=profiles_installer,http://www.elektrovega.cz
417,Vektor Energy,Hlavní město Praha,https://www.enf.com.cn/vektor-energy-1?directory=installer&utm_source=ENF&utm_medium=Czech+Republic&utm_content=174431&utm_campaign=profiles_installer,http://www.vektor-energy.cz
418,ViaPower sro,Středočeský kraj,https://www.enf.com.cn/viapower-sro?directory=installer&utm_source=ENF&utm_medium=Czech+Republic&utm_content=174485&utm_campaign=profiles_installer,https://www.viapower.cz
419,VK Technik,Kraj Vysočina,https://www.enf.com.cn/vk-technik?directory=installer&utm_source=ENF&utm_medium=Czech+Republic&utm_content=68147&utm_campaign=profiles_installer,https://www.vktechnik.cz
420,Voltin,Hlavní město Praha,https://www.enf.com.cn/voltin?directory=installer&utm_source=ENF&utm_medium=Czech+Republic&utm_content=174603&utm_campaign=profiles_installer,https://www.voltin.cz
421,VS Elektro Komplet,Jihočeský kraj,https://www.enf.com.cn/vs-elektro-komplet?directory=installer&utm_source=ENF&utm_medium=Czech+Republic&utm_content=106540&utm_campaign=profiles_installer,https://www.vselektrokomplet.cz
422,VV&J,Jihočeský kraj,https://www.enf.com.cn/vv-j?directory=installer&utm_source=ENF&utm_medium=Czech+Republic&utm_content=152652&utm_campaign=profiles_installer,http://www.vvaj.cz
423,Watthouse,Zlínský kraj,https://www.enf.com.cn/watthouse?directory=installer&utm_source=ENF&utm_medium=Czech+Republic&utm_content=174574&utm_campaign=profiles_installer,https://watthouse.cz
424,Woltair,Hlavní město Praha,https://www.enf.com.cn/woltair?directory=installer&utm_source=ENF&utm_medium=Czech+Republic&utm_content=138945&utm_campaign=profiles_installer,https://www.woltair.cz
425,YellowSun,Hlavní město Praha,https://www.enf.com.cn/yellowsun?directory=installer&utm_source=ENF&utm_medium=Czech+Republic&utm_content=166009&utm_campaign=profiles_installer,https://www.yellowsun.cz
426,Západočeská Fotovoltaická,Plzeňský kraj,https://www.enf.com.cn/zapado-eska-fotovoltaicka?directory=installer&utm_source=ENF&utm_medium=Czech+Republic&utm_content=174602&utm_campaign=profiles_installer,https://www.zcf.cz
427,Zape Elektro,Karlovarský kraj,https://www.enf.com.cn/zape-elektro?directory=installer&utm_source=ENF&utm_medium=Czech+Republic&utm_content=78789&utm_campaign=profiles_installer,http://www.zapeelektro.cz
428,Zero Living,Hlavní město Praha,https://www.enf.com.cn/zero-living?directory=installer&utm_source=ENF&utm_medium=Czech+Republic&utm_content=174363&utm_campaign=profiles_installer,https://www.zeroliving.cz
429,Zeus Technics,Hlavní město Praha,https://www.enf.com.cn/zeus-technics?directory=installer&utm_source=ENF&utm_medium=Czech+Republic&utm_content=174369&utm_campaign=profiles_installer,https://www.zeustechnics.cz
